858,11,234,2,268,1,88.35087413,5.963030303,1
547,7,142,0,173,4,83.17598592,6.317012072,1
193,3,50,0,61,5,86.70633333,4.543533333,0
651,8,161,1,217,4,72.38203804,7.111195652,1
95,2,27,1,30,5,99.1325,1.39962963,0
100,1,28,0,29,5,90.79357143,8.891428571,1
305,4,84,0,107,2,77.75571429,5.663452381,1
372,6,84,0,117,5,74.78928571,5.808571429,1
145,3,37,2,45,5,91.42477477,2.646126126,1
280,4,81,0,92,5,90.19236111,4.492530864,1
256,3,70,0,76,4,91.3002381,6.949809524,1
194,4,54,0,62,5,95.99916667,1.738148148,1
1513,18,387,1,526,3,70.02645349,7.186692506,0
490,7,131,0,170,5,78.05374046,5.021035987,0
694,5,171,0,227,5,59.81673684,14.21725146,1
102,3,31,0,32,1,109.0176344,-1.22655914,0
842,14,230,0,279,4,87.53652174,3.514459627,1
168,4,41,2,51,2,91.19710366,2.420853659,0
1476,16,394,6,457,5,83.71321383,8.002601523,1
97,2,23,0,29,5,88.49293478,3.593478261,1
1399,11,357,1,423,4,73.65330023,12.70604023,1
84,2,25,0,27,3,102.7795,0.1752,0
222,3,64,0,72,5,90.00666667,5.088854167,0
91,2,31,0,30,1,109.2315323,-0.26483871,1
351,4,89,0,118,5,72.08495787,7.718258427,1
263,4,67,0,86,5,81.24270522,4.883955224,1
725,8,222,1,236,5,88.73361486,7.36954955,0
245,6,67,0,75,5,100.7993408,0.864527363,0
777,8,212,0,245,4,82.16863208,8.569481132,1
197,3,55,0,65,3,88.24484848,4.105575758,1
147,1,39,0,48,4,63.12692308,15.29538462,0
1351,19,350,0,423,5,85.89248872,5.420726316,0
223,5,66,0,71,5,102.4279091,0.611060606,0
198,2,53,0,68,5,71.39410377,8.892830189,1
802,8,211,2,240,1,83.83688685,9.127831754,0
367,5,107,0,116,4,93.39811215,4.944672897,1
961,10,237,0,309,4,72.47823418,8.950675105,1
265,5,67,1,85,5,85.90564179,3.345373134,1
279,2,69,0,95,5,55.33923913,14.29869565,0
218,3,61,0,75,1,82.18027322,5.068797814,0
880,10,239,0,286,5,81.33967992,7.346778243,1
1472,17,393,0,473,5,81.54921419,7.245973657,1
1755,19,436,1,573,1,72.36039353,8.438982376,0
2251,22,560,6,709,5,73.88899351,9.667040584,1
453,8,129,0,150,4,92.09603198,2.680639535,1
703,13,189,0,225,4,91.36417582,2.837696378,0
207,2,49,0,76,5,50.75117347,10.12591837,1
113,4,33,2,35,5,108.7339773,-1.656212121,0
1452,10,381,0,479,5,61.80287008,15.03637795,1
393,5,115,0,124,3,92.26913043,5.687478261,1
204,3,55,1,67,5,85.16848485,4.687212121,1
516,12,154,0,167,5,102.0676082,0.299134199,1
720,5,184,0,242,4,58.2156087,14.8526087,0
802,10,207,0,237,5,88.96363043,6.625990338,1
507,7,153,0,160,4,96.17941176,4.642296919,1
651,10,186,0,214,3,90.62051613,3.865,1
1013,17,288,0,338,3,90.35220588,3.114928513,1
1139,11,294,0,358,3,76.69049165,9.638500309,1
123,1,24,0,43,2,30.9,13.99125,1
144,1,36,0,47,5,59.845,14.85,0
137,1,39,0,46,1,67.46538462,14.12358974,1
1739,22,453,0,546,5,83.96701535,6.409008629,1
271,5,81,0,93,4,93.25866667,1.959753086,1
100,3,28,0,35,4,91.61166667,-0.441904762,0
91,1,26,1,26,5,95.845,7.565,1
241,3,65,0,76,1,85.92641026,6.347487179,0
123,2,29,0,39,5,78.34508621,5.203103448,0
231,2,63,1,78,5,70.11964286,11.07666667,1
681,7,168,0,199,4,82.26428571,9.094821429,1
247,5,67,0,73,5,101.0578806,2.11761194,1
168,2,47,0,50,4,92.9825,6.655319149,1
106,3,29,0,37,5,89.0854023,0.107471264,1
163,3,50,0,50,2,105.3183333,1.801533333,1
242,6,70,0,74,5,105.5590476,0.20247619,1
111,2,31,0,37,5,90.12830645,2.683548387,1
145,4,36,0,48,5,84.9,1.476944444,1
413,6,111,0,132,1,87.45209459,4.823693694,1
483,5,133,0,144,4,88.23900752,8.466315789,0
127,3,38,0,38,5,109.3783333,0.176754386,0
162,2,36,0,53,3,64.015,8.135,1
3930,34,987,2,1245,2,70.65586134,11.28136242,1
274,4,79,0,83,4,97.9052057,4.295379747,1
226,3,53,0,67,1,81.95616352,6.890503145,0
151,3,42,0,47,5,97.95357143,2.000238095,1
351,4,95,0,117,5,78.53717105,7.329947368,1
217,3,55,0,73,5,75.93939394,5.767393939,1
115,3,33,0,36,5,103.3790909,-0.004242424,1
802,10,232,1,253,5,91.02924138,5.968017241,1
402,8,117,0,136,4,93.65216346,1.584551282,1
327,4,86,0,103,5,83.68924419,6.696627907,1
122,2,37,0,28,5,124.0358784,2.888648649,1
414,5,107,0,132,2,80.74764486,6.952056075,1
133,3,29,0,36,5,92.00264368,4.362298851,1
1327,12,348,0,441,2,70.19137931,10.49640805,0
101,2,26,0,37,4,73.24769231,2.822692308,1
771,13,217,3,256,4,90.0876994,3.153342786,0
361,7,106,1,115,1,99.68198113,1.705296496,0
1225,10,341,2,409,5,70.75311877,12.03715543,1
158,2,44,0,55,3,78.755,5.980454545,1
191,4,58,3,59,3,106.0588793,0.869482759,0
122,1,31,0,45,5,52.56354839,12.05516129,0
216,4,59,2,72,5,88.62307203,2.675847458,1
355,1,106,2,113,1,9.058207547,46.87518868,1
120,4,34,0,40,5,98.67808824,-1.050588235,0
965,11,252,0,303,3,81.86084416,7.524743867,1
580,6,157,0,183,5,81.66564225,8.536135881,0
344,4,83,0,107,5,76.7110994,7.885722892,1
782,7,205,0,244,5,76.41536585,10.64573519,1
1127,11,366,7,344,4,93.54842772,9.278467462,1
516,3,130,0,175,2,48.96705128,18.37605128,1
354,5,104,0,105,2,100.3095385,4.525576923,0
170,4,52,0,59,5,97.65153846,0.010384615,1
99,3,28,0,32,4,100.6759524,-0.605119048,1
174,4,47,0,57,4,92.30875,1.363723404,0
221,1,62,0,59,5,63.39854839,25.85983871,1
182,3,41,0,56,5,77.41211382,5.689674797,1
481,4,126,0,158,5,68.77678571,11.76579365,1
91,1,22,0,30,5,69.14136364,8.473181818,0
247,8,67,1,80,1,97.31944963,-0.39488806,0
177,3,43,0,57,5,80.14248062,4.548062016,1
96,3,28,1,30,5,106.7188095,-1.094761905,0
499,8,144,0,162,4,93.39,3.406319444,1
950,11,247,1,279,5,88.48331248,7.374195804,1
223,5,63,0,70,5,100.046,1.046349206,1
303,1,78,2,108,5,10.52653846,35.32269231,1
1132,17,299,10,342,5,92.21638599,4.665923667,1
218,1,54,4,73,5,37.65833333,24.01925926,1
1688,20,455,0,542,4,82.96748626,6.899197802,1
137,2,42,0,45,5,94.87714286,3.976904762,0
183,3,50,0,64,5,81.63033333,3.629533333,1
1852,32,519,0,586,4,94.85158147,2.986966522,1
320,7,90,1,105,5,95.085,1.247460317,1
135,2,38,0,42,1,94.04473684,4.305526316,0
126,3,34,1,39,4,98.2904902,1.17254902,1
184,2,46,0,56,2,80.49869565,8.35,1
338,9,96,0,111,3,98.18958333,-0.006458333,1
989,13,256,0,314,4,83.08012019,6.071349159,1
220,5,64,0,72,5,98.668,0.679375,1
371,3,100,0,119,1,72.32766667,12.19136667,0
251,4,76,0,76,4,102.95,3.163026316,1
1166,9,261,0,379,4,54.55172414,13.48616858,1
1270,25,349,3,421,5,90.61230487,2.18008596,1
678,8,165,0,203,5,81.81698864,7.661045455,1
886,14,262,0,275,5,99.04229008,3.381417666,1
87,2,24,0,28,3,95.955,1.13625,1
419,7,129,0,136,1,98.93930233,2.627929125,1
231,5,70,0,73,2,104.3992857,0.651,1
78,2,23,0,28,5,92.17119565,-0.18173913,1
124,4,33,0,41,1,93.35215909,-0.132878788,1
148,2,39,0,50,5,78.58096154,5.662564103,1
574,8,160,1,198,3,81.8425,4.964875,1
858,10,231,0,270,5,84.50538312,7.094285714,1
442,4,122,0,139,5,79.48897541,10.37688525,1
849,12,238,0,283,5,86.10836835,4.788893557,1
111,2,31,3,34,5,98.31540323,2.683548387,1
570,5,159,0,188,3,74.52781132,10.85301887,1
656,10,193,0,221,2,90.37192487,3.753264249,0
522,10,131,3,162,4,88.91865267,3.330229008,1
494,5,127,0,165,5,71.14061417,9.046220472,1
110,2,32,0,38,5,90.1325,2.279375,1
1160,7,321,1,339,4,70.94607477,18.01321317,1
1145,10,325,0,375,3,76.23211538,10.92046154,1
163,4,42,0,50,2,95.46321429,1.555952381,0
118,2,32,0,35,5,98.06375,3.421875,1
85,2,25,0,28,1,99.3955,0.358,0
173,1,52,1,60,5,56.43961538,19.77403846,0
91,2,23,0,33,5,73.7798913,2.401304348,1
279,4,71,0,85,5,87.53705986,5.403169014,0
606,14,182,1,194,1,103.461978,0.286593407,1
198,3,54,0,66,3,85.165,4.326666667,1
78,2,25,0,24,5,112.9315,-0.9216,0
63,1,22,0,24,3,92.21409091,2.656818182,0
683,10,181,0,235,3,78.62372099,4.86480663,0
1905,16,482,5,588,4,73.05314575,11.69442946,1
1021,11,268,1,321,5,80.77531208,8.162154003,0
302,6,87,0,96,5,98.76577586,1.683678161,1
149,3,33,0,46,5,77.74272727,4.704242424,1
501,4,133,0,138,5,85.30579887,12.40981203,0
73,1,23,0,25,5,91.53347826,4.574782609,0
350,5,100,0,102,2,100.243,4.565,1
168,3,48,0,54,4,95.42,2.565,1
363,4,95,0,120,5,75.86559211,7.907210526,1
986,11,258,0,307,4,82.3611945,7.762466526,1
1001,14,257,0,337,1,77.26786965,5.548454697,1
471,7,135,4,151,1,92.63333333,4.157079365,1
311,2,88,0,101,5,65.07727273,16.72079545,0
734,8,176,0,236,5,71.06409091,8.628977273,1
366,3,81,1,118,4,56.18555556,12.71962963,1
147,5,49,0,43,3,122.6471837,-2.82,0
122,1,31,0,39,4,68.93774194,12.05516129,1
190,3,50,0,57,5,93.47433333,4.269333333,1
594,7,145,0,181,5,80.20586207,7.648384236,1
315,2,93,0,96,5,72.30846774,17.29903226,1
424,6,108,0,141,5,78.115,5.511481481,1
351,4,90,0,106,5,84.3575,7.643,1
912,11,241,0,292,2,82.09436816,6.818487363,1
80,2,23,2,28,5,92.17119565,0.215652174,0
177,3,52,0,61,1,89.99935897,2.79224359,1
314,2,70,0,96,5,55.28714286,16.56971429,1
155,3,43,0,52,5,89.97968992,2.209922481,1
180,3,50,1,62,1,85.01433333,3.355333333,1
475,8,104,0,150,5,71.62076923,5.942596154,1
838,11,213,0,284,3,74.38090909,6.231442595,1
478,6,135,0,152,5,88.74416667,6.001185185,1
861,5,227,0,271,5,59.75576211,18.60378855,0
394,5,101,0,124,4,82.46665347,6.497524752,1
426,9,122,6,134,5,100.1547996,1.305318761,1
888,6,242,1,263,5,73.95534435,15.50592287,1
484,5,127,0,150,4,81.13274016,8.686377953,1
1265,15,351,0,400,5,86.67374359,6.74022792,1
118,3,34,0,38,5,100.7787255,0.097254902,1
631,8,168,0,164,2,102.9342857,6.234702381,1
142,1,45,0,49,1,69.04,15.49088889,0
771,8,209,0,234,4,85.59850778,8.491208134,1
575,5,130,0,184,4,60.70346154,11.78346154,1
4127,71,1129,13,1262,3,96.12890567,3.226098379,1
421,6,110,0,114,5,100.550303,5.22730303,1
739,11,226,2,230,4,99.8840185,3.786222848,1
113,2,36,0,41,4,92.215,1.914722222,0
369,3,101,0,80,3,105.6534323,12.09966997,1
215,3,52,2,70,5,75.35705128,6.131858974,0
1839,7,442,1,588,3,30.20020362,29.15552359,1
396,3,108,0,127,3,70.81166667,13.32666667,0
733,5,182,0,240,3,58.32856044,15.17554945,1
551,9,162,0,180,3,94.565,3.113641975,0
286,4,73,0,93,1,80.53316781,5.599383562,1
524,9,140,0,174,5,85.90039683,3.452634921,1
190,3,51,0,60,5,90.05058824,4.095490196,1
189,2,49,0,60,5,78.37566327,8.447142857,1
614,4,152,0,197,5,58.61894737,16.03039474,1
216,4,70,0,70,5,104.4725,1.421714286,1
226,3,52,0,62,5,88.3724359,7.098589744,1
566,6,135,0,195,5,61.7975,8.980148148,1
434,4,110,0,148,1,65.09704545,10.35072727,0
1298,16,349,2,401,5,87.49015491,6.472983524,1
627,11,189,0,206,4,97.18593074,2.321702742,1
475,8,130,0,155,5,89.47201923,3.393076923,0
89,2,30,0,31,5,104.19,-0.372333333,0
304,3,82,0,97,4,79.01605691,9.179105691,1
308,4,92,0,99,1,92.45304348,5.369565217,1
618,5,162,1,181,5,79.42677778,12.2037037,1
804,9,198,0,259,5,73.84136364,8.126969697,1
532,9,145,0,169,1,91.8794636,3.392727969,0
128,3,37,0,48,5,84.56531532,0.546396396,1
144,1,37,1,48,5,59.52864865,14.85594595,1
189,5,50,0,56,5,101.933,0.8446,0
1607,15,395,1,526,4,67.44945148,10.32904641,1
3797,35,1052,0,1103,4,87.6256692,10.09314367,1
346,5,104,0,116,2,91.36146154,4.174038462,0
585,7,152,1,187,3,80.71473684,7.015629699,0
501,7,136,0,156,1,90.07382353,5.119359244,0
266,3,69,0,84,5,80.49869565,7.687681159,1
156,2,43,0,52,5,82.70552326,5.899534884,1
935,7,259,0,307,3,69.00123552,13.56787645,1
167,6,45,0,45,1,114.6225,-0.720222222,1
155,2,43,0,50,4,86.64040698,5.793255814,1
245,5,67,0,72,5,102.3205672,1.98119403,1
437,6,126,0,156,2,80.77714286,4.919920635,0
333,5,99,0,110,5,92.738,3.841818182,1
152,1,4,0,54,1,-939.325,154.23,0
1367,20,349,1,456,1,78.58571418,5.19525788,1
193,3,55,0,64,5,89.7830303,3.773212121,0
498,8,121,0,165,4,76.11948864,4.941260331,1
831,3,233,0,252,4,36.50462089,33.70234621,1
171,4,52,0,64,5,89.51692308,0.098269231,1
392,6,104,0,124,4,88.3724359,4.462051282,1
420,6,111,0,117,5,98.88452703,5.111891892,0
292,4,85,0,93,4,92.70389706,4.894294118,1
205,2,58,0,61,3,88.42413793,9.222586207,0
831,11,225,0,252,4,91.32163636,5.675806061,0
144,2,38,0,47,5,82.91315789,5.387894737,1
1390,22,400,4,439,5,95.53195455,3.541659091,1
672,8,189,0,189,5,98.255625,6.631388889,0
634,11,170,0,205,4,89.1309893,3.340684492,1
2379,19,582,1,713,4,72.10167933,12.56625339,1
808,13,213,1,256,5,88.52574215,4.098270134,1
493,6,132,0,156,3,84.52318182,6.638257576,0
250,3,67,0,84,5,78.10099502,6.788905473,1
364,7,106,0,125,5,91.70084906,1.834636119,1
206,3,60,0,59,5,103.345,4.260333333,1
276,2,71,1,74,5,82.62785211,14.08507042,1
366,4,97,3,117,5,80.17795103,7.938505155,1
621,7,181,0,209,2,82.90270718,7.177963694,0
128,4,35,0,39,3,103.6851786,-0.341857143,1
820,7,223,1,274,5,70.55201794,11.30305573,1
778,5,205,0,235,5,68.2395122,16.41370732,1
1036,12,256,2,322,3,78.77072917,7.730885417,1
72,1,21,0,25,3,84.80571429,4.738571429,0
258,4,71,0,89,3,82.77086268,4.051478873,1
321,5,83,0,113,2,74.80768675,4.544337349,0
305,4,71,0,93,4,78.00466549,7.076690141,0
151,1,50,0,54,4,64.717,17.3714,1
246,5,73,0,79,4,100.4625753,1.270273973,1
113,2,32,0,39,5,87.48875,2.7078125,0
182,3,48,0,60,5,84.845,3.897916667,1
1045,13,279,3,338,1,82.56121588,6.41779432,0
83,3,25,0,28,5,103.6246667,-2.090933333,0
178,3,48,0,58,4,88.37,3.517083333,1
1578,17,435,4,442,5,94.90156187,7.942186613,1
409,5,92,0,128,5,70.45465217,8.086630435,1
641,3,176,0,214,5,44.42242424,24.54748106,1
654,6,160,1,213,3,67.14458333,10.58320833,1
139,1,30,0,43,3,55.125,14.74433333,1
1260,10,339,2,382,4,77.09552655,12.50584071,1
474,2,133,1,146,3,46.46832707,28.10706767,1
435,5,127,0,149,1,81.79888189,6.923149606,1
218,5,65,1,68,5,105.1353846,0.397076923,1
369,3,102,0,123,4,70.30735294,12.10264706,0
195,4,57,0,64,3,97.38177632,1.329210526,1
221,3,59,0,75,4,79.33096045,5.521468927,1
415,5,112,1,118,4,94.96685714,6.703482143,1
406,13,123,0,136,1,103.690075,-1.614515322,1
1136,10,296,0,357,5,74.75654054,10.90891892,1
191,1,50,2,57,4,59.641,21.0274,1
173,3,50,0,54,2,98.55033333,2.715533333,1
133,2,32,0,41,5,82.20125,5.5640625,1
101,2,29,0,34,2,92.9312931,1.736206897,0
454,6,114,1,141,5,82.91315789,6.269824561,1
438,3,120,1,120,5,81.635,15.2505,1
1019,7,266,0,332,2,62.67402256,15.0768797,0
1512,22,413,0,450,3,95.60150506,4.687211094,0
357,6,107,0,118,3,95.4369704,2.73423676,0
824,3,212,0,278,4,24.17059748,31.66597484,1
445,5,144,0,132,5,100.053,7.092569444,1
267,6,69,0,90,5,84.81467391,2.003913043,1
132,4,33,0,38,5,101.0430682,0.975,1
1052,3,263,0,320,3,14.91797212,40.68333333,1
181,3,48,0,57,5,90.1325,3.802708333,1
199,2,54,0,65,5,77.59666667,8.911296296,0
472,5,133,0,150,5,84.42246617,8.088345865,1
785,7,178,0,248,5,63.15533708,11.4384992,1
303,4,78,0,88,5,91.59634615,6.072692308,1
266,8,83,1,88,5,106.6079895,-1.596475904,1
793,12,218,0,244,5,93.70592508,4.277232416,1
435,8,113,0,138,5,89.18131084,3.224977876,1
576,4,138,1,196,5,51.66097826,14.89478261,1
277,3,78,0,89,1,83.91423077,7.799358974,1
297,4,95,0,103,1,91.00453947,4.732263158,1
1039,17,283,1,314,4,96.07109748,3.671727292,1
965,10,270,0,320,3,79.16333333,8.403518519,1
778,8,195,0,220,4,86.64822115,8.990628205,1
205,6,62,0,69,5,102.1950538,-1.152849462,1
2071,25,538,0,689,2,76.64759033,6.921951673,1
643,11,176,0,212,2,88.69045455,3.266079545,0
1406,10,344,2,430,3,66.169,14.44854651,1
1078,9,280,3,360,3,66.48579365,11.72005556,0
246,6,70,0,49,5,135.7733333,0.463619048,1
102,1,26,0,34,4,69.81423077,9.498461538,1
261,4,75,0,82,5,95.30775,3.8486,0
779,4,166,0,246,4,39.34141566,20.76596386,1
258,4,84,0,79,4,105.9557143,3.106428571,1
160,4,43,0,50,5,97.55165698,0.949651163,1
353,6,105,1,117,5,94.80392857,2.683904762,1
273,2,70,0,94,3,57.70428571,13.893,0
232,6,65,0,66,1,109.9376282,0.298051282,0
930,18,274,0,304,1,97.52167072,1.69242498,1
2650,30,771,0,854,4,87.042107,7.127522698,1
1465,22,400,38,469,3,89.18695455,4.398534091,1
245,3,67,0,82,5,80.62636816,6.447860697,0
660,9,182,1,200,3,93.34241148,5.253638584,1
642,9,152,0,199,4,78.93356725,6.316681287,1
769,13,208,3,233,1,95.82673077,3.465817308,1
260,6,65,0,89,4,80.00224359,2.266666667,0
957,11,239,0,310,3,75.04960061,7.732757703,1
528,6,145,0,179,4,77.86859195,7.294436782,1
142,5,44,0,44,5,113.303,-2.281363636,0
83,2,26,0,28,3,102.5323077,-0.341153846,0
512,3,142,10,167,5,59.29730047,18.71441315,1
162,2,44,0,55,5,78.755,6.395909091,1
535,8,137,1,173,2,82.62246807,4.978850365,1
208,4,54,0,62,1,95.99916667,2.922962963,0
1451,17,345,1,422,4,82.75473146,7.937551577,1
308,3,91,0,101,5,82.14996337,9.204358974,1
664,7,190,0,225,4,79.10078947,8.11237594,1
157,2,39,0,54,5,69.90403846,6.717179487,1
220,3,57,1,73,5,79.20263158,5.708596491,1
211,3,53,0,73,5,72.37880503,5.597106918,1
574,10,156,1,190,1,87.96253846,3.18525641,1
135,2,29,0,42,5,69.59336207,7.094137931,0
135,1,43,0,40,1,84.49232558,14.41767442,0
1326,7,328,0,394,2,57.65182927,20.4736324,1
72,4,25,0,22,5,126.04325,-5.1434,0
720,12,193,1,227,5,91.00678972,3.66037133,1
547,8,144,0,155,1,97.5025,4.929652778,0
135,4,38,1,31,5,128.1767105,-0.444473684,0
383,5,114,4,122,1,93.15615789,5.323596491,0
1332,11,330,1,407,5,72.045,12.01618182,1
100,2,24,0,37,3,64.23,3.611666667,0
336,3,88,0,103,5,78.04121212,10.68575758,1
355,9,90,0,114,1,89.525,1.596111111,1
793,3,188,0,217,4,45.57833333,29.17998227,1
214,8,59,0,64,5,107.5798835,-1.166567797,0
188,5,50,0,58,1,98.549,0.7532,0
321,4,94,0,90,4,101.9825,5.92606383,0
1525,15,419,0,464,1,84.79674781,9.169721559,1
129,2,32,0,43,5,76.91375,4.9928125,1
168,4,44,0,58,5,84.15181818,1.519090909,1
226,3,47,0,75,3,55.93333333,8.37822695,0
2110,20,533,0,608,3,83.2809348,9.986369606,1
259,4,79,0,88,5,92.55077532,3.427658228,1
548,5,150,0,157,4,87.837,10.26573333,1
1158,13,309,0,357,5,84.9674832,7.581023152,1
192,2,41,0,66,5,49.84213415,10.22097561,1
1018,13,285,0,336,2,84.84412955,5.85525776,0
739,7,200,0,236,4,78.007,9.741864286,1
133,3,34,1,43,5,88.33754902,2.113431373,1
494,10,129,0,160,1,88.81126744,2.520620155,1
385,3,101,0,109,5,81.36234323,12.82363036,1
627,9,159,0,217,5,73.44295597,5.424654088,1
250,3,60,0,63,5,97.705,7.611666667,0
589,8,146,0,197,5,74.15919521,6.131506849,1
523,10,153,1,169,5,97.85844118,1.841633987,1
179,2,51,1,59,1,83.08191176,7.359803922,1
440,2,104,0,119,3,57.25307692,23.90461538,0
363,5,98,0,112,5,90.25528571,5.297653061,1
327,5,94,0,101,3,96.853,3.867765957,0
227,4,60,0,70,3,92.91,3.359833333,0
3092,18,836,0,828,4,75.90345827,18.69466241,1
555,7,144,0,183,4,78.4425,6.469255952,1
1117,9,276,0,307,3,81.60615942,12.39858696,1
405,8,99,1,126,5,86.60164773,3.452954545,1
1612,17,403,1,506,4,76.55119691,8.702941176,1
576,11,156,1,193,1,87.77506993,2.534755245,1
366,7,100,0,130,5,82.355,2.439057143,1
132,3,36,0,42,5,95.955,1.326666667,1
1778,30,469,3,549,5,91.93646304,3.711741294,1
2747,33,715,4,879,5,80.83857809,6.961081585,1
333,5,95,2,110,1,89.59210526,4.089052632,0
340,5,92,0,106,5,90.68508696,4.659130435,1
800,11,227,0,254,5,91.22653584,4.99390869,1
174,4,57,1,51,5,116.6765132,-0.354473684,1
410,5,111,0,130,4,85.22091892,6.55018018,0
673,12,194,0,213,5,97.54026632,2.506993127,1
749,3,197,3,244,4,35.39957699,28.77861252,0
186,4,51,0,61,5,92.70551471,1.612058824,1
375,4,94,0,133,4,63.2825,8.551382979,1
501,11,144,0,154,4,103.0727273,1.015246212,1
331,6,89,0,107,5,90.06905431,2.982958801,1
864,8,214,3,269,5,73.34075935,10.39584112,1
805,11,239,0,245,5,98.05796881,4.826314188,1
88,2,25,0,29,5,96.0115,0.9064,1
289,4,72,0,91,5,81.64,5.913472222,1
1191,20,344,0,399,5,91.25083721,2.992296512,1
138,1,39,0,42,5,76.14230769,14.24076923,1
529,5,143,0,150,5,89.06474126,9.775804196,0
380,5,108,0,113,5,96.39433333,5.44962963,1
1180,18,348,3,371,5,97.02028736,3.732643678,1
153,2,43,0,52,4,82.70552326,5.580697674,1
123,2,29,0,47,5,55.00715517,5.203103448,0
327,4,115,0,110,4,96.73201087,5.939695652,0
1781,17,484,3,557,5,80.57743559,9.62176106,1
508,4,131,0,156,5,72.84871183,12.66683206,1
573,6,142,0,186,1,71.99924883,8.844248826,1
695,7,179,1,215,5,79.26547486,9.099569034,1
229,4,68,1,79,1,91.29470588,2.460147059,0
759,9,214,0,241,5,87.42672378,6.667440291,0
189,3,54,0,59,5,96.13166667,3.565,1
947,13,244,0,315,5,78.56701765,5.691459647,1
206,2,44,0,68,1,53.75954545,10.96590909,1
180,3,49,1,52,5,100.4770748,3.524421769,1
1767,23,456,0,536,4,87.26941648,6.191793478,1
501,8,143,0,164,5,91.66809878,3.518479021,0
159,3,45,0,57,5,84.45,2.217333333,1
2430,29,682,18,674,1,99.35737537,6.61175852,1
227,4,64,0,74,5,92.77625,2.77921875,1
439,5,123,0,142,5,84.19770732,7.180813008,1
333,7,90,0,105,5,95.085,1.907571429,1
110,2,25,0,37,1,68.9395,4.928,1
820,9,213,1,275,5,73.58798122,7.996760563,1
1385,13,359,1,411,2,81.95134562,10.00847225,1
867,11,214,6,285,5,74.42041206,6.812179269,0
309,4,83,0,96,4,87.92314759,5.958614458,1
234,3,64,0,75,3,86.04104167,5.945729167,0
376,6,108,0,123,5,92.215,3.48037037,1
539,7,143,0,169,5,86.11818182,6.00967033,1
81,2,25,1,27,5,102.7795,-0.3732,1
1250,18,344,0,404,5,88.08140827,4.731660207,0
319,4,77,0,97,1,80.72222403,7.127857143,1
509,6,138,0,155,4,88.46826087,6.926014493,1
302,7,86,3,103,1,93.04174419,0.760996678,1
167,4,42,0,55,5,85.39178571,1.991190476,1
103,4,28,0,34,5,97.00142857,-1.118928571,1
1134,11,289,4,358,4,75.3695659,9.638474363,1
539,8,149,0,185,5,82.89035654,4.414244966,1
208,2,67,6,72,5,81.91906716,9.507462687,1
1175,9,300,0,384,3,64.71366667,13.13583333,0
604,12,161,10,209,5,83.39472308,2.422929607,1
746,6,178,0,226,2,69.30985019,12.55625468,1
2507,20,663,3,789,4,72.50992195,12.4255279,1
466,6,127,0,146,1,88.09414042,5.921994751,1
1291,11,331,4,399,5,74.31266685,11.43983521,1
185,3,49,0,65,4,78.03217687,3.990748299,1
392,7,105,0,122,4,93.31285714,3.131333333,0
1041,15,296,0,329,5,92.77390991,4.508862613,1
168,4,49,0,52,1,104.6216582,0.363571429,0
569,5,144,6,188,5,67.153,11.02784722,0
126,3,34,0,40,5,95.8022549,1.17254902,1
122,3,35,0,42,5,93.47333333,0.333047619,1
394,5,107,0,128,5,83.91026168,6.097850467,0
246,2,67,0,77,2,75.60563433,12.09940299,0
230,4,69,0,79,3,92.46538043,2.428333333,0
293,5,86,0,94,1,96.90723256,2.739883721,0
671,9,168,0,209,4,82.64190476,6.156130952,0
132,2,36,0,39,4,96.915,4.326666667,1
477,9,134,0,153,4,95.12725539,2.282280265,1
167,2,52,0,58,5,86.08346154,6.246730769,1
159,3,35,0,53,5,66.8847619,5.164190476,0
396,4,97,0,109,1,87.15527062,9.351907216,1
426,9,127,0,137,5,101.2508049,0.954846894,1
120,4,42,0,39,1,117.6203571,-3.122857143,1
395,5,97,0,124,5,78.99554639,6.879793814,0
259,3,71,0,90,1,75.57389671,7.074178404,1
748,8,215,0,241,3,84.72617733,7.906848837,1
275,5,71,0,100,5,73.26707042,3.370704225,1
350,4,101,0,119,5,81.52902228,7.031633663,1
196,3,49,0,65,5,78.03217687,5.016666667,1
777,8,195,4,248,1,74.50052885,8.967192308,1
143,4,40,0,49,5,93.05,-0.09225,1
811,8,214,1,216,4,94.29309579,9.264018692,1
406,10,116,1,141,3,92.22824138,0.365,0
1598,11,406,2,452,4,75.18705105,15.01188536,1
1119,18,301,2,361,4,88.39815707,3.92057955,1
337,6,91,0,109,3,90.1067674,3.077399267,1
202,3,61,0,71,5,87.72781421,3.87010929,1
189,4,54,0,64,5,92.86583333,1.315,1
293,4,81,0,97,1,84.97013889,5.225987654,1
957,10,238,0,308,4,73.19564706,8.846008403,1
429,7,125,0,134,4,98.0188,3.182811429,1
435,4,117,1,126,5,86.03855769,10.18602564,1
663,9,177,0,213,2,85.06655367,5.521468927,0
290,3,71,0,90,3,75.57389671,9.069530516,1
130,3,41,0,40,5,110.426748,-0.106422764,1
535,6,151,0,167,5,87.72659492,7.345055188,1
199,4,49,0,63,1,85.62982143,3.254795918,1
145,3,35,0,46,5,83.8047619,3.336190476,1
2084,23,561,0,646,5,84.65964427,7.742265365,1
549,8,149,1,174,4,89.13599413,4.720956376,1
684,9,174,0,190,5,94.83235632,6.201494253,1
280,4,66,0,91,1,73.44204545,6.207878788,1
260,4,61,0,83,5,76.24477459,5.673688525,1
3012,52,793,7,856,5,100.0351907,3.552931904,1
1543,26,425,0,462,4,98.27847738,3.334865158,1
230,3,56,0,71,5,80.62761905,6.67297619,1
569,8,171,0,156,2,107.9604276,4.464108187,1
1627,10,420,0,436,4,76.38214286,17.27330952,1
186,3,48,0,65,5,76.0325,4.27875,1
950,7,274,0,320,5,68.30208029,13.98631908,1
1144,32,345,15,375,3,103.9355095,-0.885519928,1
180,4,49,3,59,1,92.53594388,1.482755102,0
355,1,87,0,116,4,5.73,40.71770115,1
97,1,26,0,33,5,73.06807692,8.619615385,1
782,17,219,2,233,1,103.7511926,1.329623959,1
213,3,66,0,55,3,114.005,4.318636364,0
327,3,70,0,105,1,56.25166667,11.58509524,1
343,6,96,1,113,4,91.01375,2.898229167,1
2010,18,528,0,572,4,85.41166667,10.63382576,1
184,3,53,0,56,5,99.51465409,3.268993711,1
68,3,25,3,23,5,120.5446667,-4.832933333,1
590,10,166,1,191,5,92.64503614,3.112771084,1
1299,13,298,1,406,5,68.30767424,9.952444502,1
186,3,50,0,61,3,86.70633333,3.903733333,0
258,2,69,0,70,5,85.99141304,12.90782609,1
1558,12,395,0,524,5,61.19572257,13.05380169,1
920,8,249,0,301,5,72.97565512,11.01764056,1
113,1,30,0,35,5,77.685,10.78366667,1
996,10,240,0,285,5,82.0125,9.5355,1
952,11,263,0,282,4,91.85548566,7.066902869,1
1502,11,414,0,494,4,67.68626482,13.96823013,1
3258,36,901,0,963,5,91.01027392,7.608927735,1
2501,26,590,0,777,5,72.38840939,9.288306389,1
676,2,150,0,186,2,25.806,36.66546667,1
862,1,237,0,283,4,-134.7402532,113.6916878,1
829,15,237,3,255,5,99.77268354,2.45535865,1
260,3,64,0,84,2,74.14416667,7.802291667,1
125,3,35,1,39,5,100.7247619,0.724761905,0
75,2,24,0,24,2,110.055,-1.14875,0
384,4,96,0,128,5,69.675,8.85,1
2794,34,777,4,916,4,83.90490177,6.429649481,1
394,5,102,2,127,5,80.79370588,6.422745098,1
124,2,36,0,41,5,92.215,3.311111111,1
387,5,104,1,135,5,75.90569231,5.975673077,1
619,3,147,0,194,5,45.45102041,22.3137415,1
374,4,104,0,122,2,81.20269231,8.004423077,0
628,7,157,0,218,1,66.59993631,8.064285714,0
808,12,212,0,264,5,83.55238994,4.821069182,1
255,1,67,0,85,3,31.50164179,29.46328358,0
1116,19,322,1,359,2,95.31230304,2.882566198,0
115,2,29,0,41,5,72.51060345,3.942413793,0
1893,16,471,0,584,2,72.05912221,11.65607484,1
298,3,86,1,99,2,80.34996124,8.738914729,0
106,3,31,1,34,5,103.5595699,-0.63688172,1
495,8,122,0,165,5,76.93821721,4.737213115,0
545,7,143,0,180,5,79.61048951,6.201418581,1
574,5,166,0,204,3,69.17073494,10.97228916,1
243,4,75,0,78,5,99.81975,2.7518,1
238,6,72,1,74,4,107.705,-0.323611111,1
279,7,81,0,84,5,107.3566667,0.096825397,1
80,1,23,0,26,5,87.85521739,5.965652174,1
312,4,74,0,92,5,82.87912162,7.088108108,1
81,2,22,1,27,4,91.84272727,0.895909091,1
146,5,46,0,47,1,111.0578696,-2.325217391,1
261,4,70,2,87,5,83.92678571,4.359571429,1
635,4,159,3,202,5,59.00950472,16.69625786,0
804,5,207,0,233,3,69.58791304,17.02014493,0
600,8,167,0,192,4,88.38220434,5.426661677,0
822,10,194,1,258,4,74.63472165,7.633608247,0
655,10,175,0,186,4,99.15478571,4.424857143,0
84,1,24,0,23,3,101.4,6.565,1
160,3,50,0,53,3,100.2423333,1.527333333,0
128,2,40,0,41,5,99.82,3.194,1
751,11,191,3,240,5,82.90724417,5.220771061,1
357,5,108,0,112,1,97.17766667,4.476388889,1
355,8,93,0,105,1,99.51949597,1.827123656,0
219,1,56,0,65,3,51.79857143,24.44196429,1
1832,27,503,3,566,5,92.72990207,4.529427141,1
2383,31,602,0,743,2,82.70940467,6.369893366,1
349,5,99,0,89,2,110.6834545,4.58040404,0
215,2,60,0,72,5,74.865,9.945833333,1
1623,16,421,0,511,5,77.44230181,9.34408848,1
594,8,163,0,186,5,89.61695169,5.411365031,1
272,6,69,0,89,5,86.04076087,2.335072464,1
462,3,110,0,154,5,51.17833333,16.09733333,1
262,5,69,0,87,4,86.15843478,2.822753623,1
279,3,73,0,92,5,75.51748858,8.20283105,0
440,5,119,0,145,4,79.59396639,7.367478992,0
2246,16,523,2,762,1,50.39676685,14.53940966,0
93,1,24,1,31,5,73.2,8.27875,1
379,5,112,0,129,1,86.65792857,5.234553571,1
133,2,33,0,29,4,115.7420455,5.238484848,1
963,5,260,2,264,5,68.15346154,21.49657692,1
412,5,110,4,125,5,88.36863636,6.686727273,1
1140,15,334,2,363,4,92.28882435,5.301536926,1
556,6,158,0,145,5,102.4674262,7.818438819,1
1017,13,284,0,313,4,91.42242145,5.858182557,1
124,2,26,0,39,2,66.74,6.865384615,0
288,4,72,0,91,5,81.64,5.85,1
481,5,127,0,158,5,75.8036063,8.578425197,1
645,7,178,4,160,3,104.9800562,7.844117175,1
187,3,51,0,67,5,78.43882353,3.826666667,0
286,4,76,0,93,2,84.02631579,5.267631579,0
368,6,92,0,117,5,83.68253623,4.516666667,1
141,3,47,0,49,4,102.7333333,0.113333333,0
97,4,27,0,32,1,99.71708333,-1.636851852,0
122,3,37,0,40,1,102.8572072,-0.194684685,1
1899,19,479,0,599,1,75.4521613,9.293071091,1
300,4,85,0,102,4,83.74625,5.324411765,1
519,9,144,0,159,1,97.1825,3.041041667,0
164,5,49,0,55,4,101.9288163,-1.234489796,1
536,9,149,9,172,1,92.37205071,3.287509321,0
1960,19,522,2,647,2,74.09058984,9.466229078,0
2212,21,591,1,662,4,83.50654822,9.746064781,1
566,7,147,0,179,1,82.50367347,6.666054422,0
169,2,44,0,58,5,72.98681818,7.122954545,0
140,4,36,0,38,1,108.4,0.842222222,0
1260,17,291,1,407,5,71.1368769,6.916452395,1
307,5,73,0,102,5,73.80778082,5.089041096,1
367,5,95,1,125,5,76.23421053,5.724631579,1
141,5,38,0,47,5,94.48415789,-0.672894737,0
839,9,223,1,282,5,74.70259591,8.152745391,1
202,2,59,0,64,5,85.12300847,8.966440678,1
784,7,204,0,183,4,101.3638235,10.70456583,0
133,3,34,1,44,5,85.84931373,2.113431373,1
1211,14,307,1,352,5,87.57684853,7.561223825,1
5133,25,1342,3,1506,5,57.41120089,22.8897392,1
862,16,243,0,296,5,88.36783565,2.37502572,1
863,6,226,0,283,5,62.66616519,14.85426254,0
148,2,40,0,50,2,80.785,5.479,0
473,6,121,0,153,3,79.39227961,6.517878788,0
91,2,24,0,29,5,92.43,1.897916667,1
601,9,176,7,211,4,85.56224747,3.953289141,1
192,3,46,0,65,1,71.72818841,5.311449275,1
129,1,35,0,42,4,69.79,12.91371429,0
148,3,44,0,48,1,99.65742424,1.275151515,1
593,12,175,0,192,5,99.21463095,1.347438095,1
129,3,29,2,44,5,68.66471264,3.731954023,0
405,5,97,0,138,2,66.78523711,7.350927835,1
775,13,231,0,256,3,95.04338661,2.786866467,0
666,9,184,3,181,5,102.8632367,5.333635266,1
518,8,140,0,166,5,88.76107143,4.229,1
587,4,156,0,164,3,78.31153846,15.26608974,1
758,7,175,0,233,4,68.82114286,10.86462857,1
362,6,100,0,108,4,98.55033333,3.446733333,1
134,3,43,0,44,1,105.7192248,-0.021937984,1
444,8,123,0,132,5,100.4391311,2.754085366,1
672,9,198,0,223,2,89.22318182,5.08030303,1
204,1,49,0,67,5,41.42244898,22.09612245,1
208,3,55,0,69,1,82.09212121,5.019575758,0
1240,19,342,2,381,5,94.31763158,4.139590643,0
650,6,190,0,219,5,77.18070175,10.03754386,1
442,4,126,0,144,5,78.17678571,10.35126984,1
98,2,31,0,32,5,103.7734677,0.767096774,0
263,4,72,0,87,5,86.34,4.263194444,1
521,5,126,0,151,5,79.87128571,10.0665873,1
653,9,179,0,191,5,96.3762694,5.18600869,1
190,4,48,0,61,3,87.1425,2.659583333,1
737,11,213,0,229,4,96.22597951,4.06444729,1
216,3,53,0,65,4,85.14861635,6.028238994,1
152,3,41,0,48,4,93.91943089,2.345772358,0
217,4,54,0,69,4,85.0325,3.68462963,1
156,6,38,0,52,5,84.63824561,0.497719298,0
471,3,122,6,157,5,56.68784153,16.54653005,1
125,2,42,8,44,5,96.89142857,2.671190476,0
1549,27,431,0,478,5,96.80707055,2.975913036,1
111,1,31,2,39,5,68.93774194,10.43354839,1
313,3,91,1,103,5,80.29062271,9.455457875,0
316,4,69,0,111,5,53.23059783,8.124275362,1
634,9,165,0,214,3,78.5030303,5.296545455,1
1476,17,390,1,482,4,78.99278281,7.336280543,1
276,7,84,0,82,4,112.0692857,-0.414285714,1
413,7,125,0,141,5,93.2812,2.597851429,1
129,3,39,0,45,1,96.02461538,0.186153846,0
734,10,201,0,261,3,76.57976866,5.308457711,1
336,8,95,0,107,1,99.49555921,0.670868421,0
1178,12,310,0,391,4,73.90900538,8.852666667,1
531,6,144,0,173,5,80.8375,7.421875,1
839,7,215,0,260,1,73.35302326,11.76077076,0
330,7,87,0,96,5,100.8682759,2.118768473,1
266,5,74,1,89,1,90.06435135,2.397297297,1
307,5,79,0,95,5,89.06382278,4.229367089,1
1175,8,300,1,290,1,86.9925,15.21916667,1
615,10,182,0,209,1,91.21145055,3.112582418,1
308,2,87,0,93,5,72.24801724,16.49885057,1
282,3,71,0,93,3,71.99924883,8.554600939,0
467,5,146,4,154,5,87.96138356,7.787739726,1
808,14,225,2,268,2,89.7545,3.017092063,1
583,7,162,0,204,5,76.81166667,6.587786596,1
440,10,121,0,141,5,95.97002893,1.238181818,1
307,6,87,4,97,5,97.79336207,1.946321839,1
647,10,162,0,212,1,79.68088889,4.921790123,0
125,4,37,0,31,5,126.5651689,-1.365810811,0
345,6,92,0,113,3,87.3607971,3.374166667,0
638,10,170,0,203,5,88.55764706,4.220941176,1
116,3,30,0,35,5,97.985,1.240666667,0
228,5,72,2,77,5,101.744,0.241666667,1
126,3,36,0,42,5,95.955,0.565,0
208,5,54,0,69,4,87.773,1.572962963,1
373,7,102,0,123,1,90.02735294,2.567577031,1
800,9,193,0,249,4,75.92173863,8.235227404,1
213,3,48,0,66,1,74.27,6.849375,0
548,7,146,2,181,1,80.78417808,6.151722114,0
636,1,173,0,199,3,-66.07445087,81.87069364,1
263,2,63,1,77,1,71.4625,13.39793651,1
876,15,257,3,277,1,98.26100908,2.713787289,1
290,8,70,0,97,5,80.72232143,1.877857143,1
1065,15,291,0,347,4,86.26358763,4.995257732,1
352,3,100,1,94,5,93.47766667,11.32306667,0
984,6,259,0,291,4,67.96832368,17.51580438,1
213,4,59,0,68,3,94.35866525,2.443474576,0
1068,8,286,0,304,5,80.62427448,13.51059441,1
579,8,148,0,188,5,80.59263514,5.698581081,1
581,7,129,0,192,2,62.21372093,8.366998893,0
168,6,48,0,60,5,92.965,-1.435,0
576,4,138,0,140,4,85.99141304,14.89478261,0
325,2,67,0,92,5,56.66533582,17.48791045,1
529,5,153,0,180,5,76.24658824,9.670849673,1
248,4,77,0,76,5,103.7949513,2.913961039,1
520,7,138,0,158,5,89.96413043,5.647432712,1
2103,26,535,0,684,2,77.78792775,6.822405464,0
775,8,220,0,251,5,82.40159091,8.418863636,1
350,9,97,0,117,2,93.85225659,0.448579611,1
125,2,25,0,42,4,52.0195,7.67,1
498,7,130,1,175,5,74.10038462,5.36232967,1
109,1,28,0,37,5,66.62214286,10.36035714,1
212,4,57,0,67,1,92.92914474,2.692192982,0
105,2,25,0,34,5,79.0915,4.014,1
363,7,89,0,113,4,86.51651685,3.566581059,0
2391,24,682,4,682,5,93.39208333,8.800136852,1
2219,30,585,2,728,1,81.7625,5.654752137,1
385,5,93,0,125,3,74.24632258,6.788817204,0
289,5,87,0,96,3,95.82227586,2.450804598,0
910,15,235,0,280,5,90.13333333,4.099929078,0
219,3,56,0,70,5,82.13833333,5.775297619,0
209,1,48,0,64,5,45.315,22.46854167,1
606,6,177,8,195,1,83.68911017,8.966440678,1
193,4,50,0,58,5,96.0115,2.4602,0
418,6,112,0,132,4,88.18119048,4.95922619,1
1360,23,375,0,427,2,93.95488696,3.29604058,1
356,7,90,0,115,5,85.685,3.075460317,1
496,8,139,0,165,4,88.77491457,3.564838129,1
199,3,64,0,66,5,97.93791667,3.446510417,1
406,6,110,0,136,4,83.63030303,4.604121212,1
930,14,251,0,298,3,88.19606574,4.466955037,0
421,5,110,0,141,1,76.06318182,7.060636364,1
625,12,185,0,201,4,99.27032658,1.717522523,1
2311,36,660,4,713,3,96.8330303,3.738590909,1
522,12,154,2,169,4,100.9689069,0.477186147,1
692,10,194,0,220,3,91.20585567,4.571237113,0
477,6,128,2,140,5,92.65041667,6.267057292,0
308,4,71,0,108,4,60.13142606,7.269788732,0
260,3,64,0,87,5,70.17854167,7.802291667,1
324,1,96,0,107,4,15.10125,41.99375,0
121,4,34,1,38,5,103.6545588,-0.916176471,0
204,5,49,0,64,5,86.39004082,2.496122449,1
1032,8,227,1,306,2,63.99208425,13.53388767,1
569,6,140,0,196,4,64.71166667,8.810452381,1
1629,7,509,0,482,5,52.91762279,29.55293853,1
1269,12,311,2,413,4,68.18295954,10.17569668,1
107,3,29,0,34,4,97.83712644,0.265057471,1
3232,37,887,0,1001,5,87.02937719,7.208391785,1
307,6,90,0,101,3,96.67,1.658777778,1
170,3,38,0,56,4,69.30464912,5.348070175,0
764,10,182,1,255,5,69.82903297,6.853956044,1
93,2,25,0,28,5,99.3955,1.8204,0
177,4,45,0,55,1,92.01625,2.170333333,1
446,8,130,2,141,2,98.58278846,2.373615385,0
279,6,69,0,91,1,83.58858696,2.798695652,1
433,5,121,0,148,5,78.79431405,7.023801653,1
1073,11,285,1,352,3,76.04885167,8.730194577,1
185,3,51,0,58,1,93.36823529,3.64745098,1
430,9,112,0,145,5,84.67710317,2.337757937,1
1263,15,339,2,416,5,80.0800708,6.896283186,1
139,1,43,0,45,4,74.65511628,14.8427907,1
573,11,144,2,174,5,91.32272727,3.300246212,1
226,2,60,0,74,3,72.045,10.78366667,1
1954,26,544,0,619,4,89.33447398,5.446575226,1
234,2,66,0,75,1,77.20363636,11.27272727,1
335,3,92,0,108,5,76.39528986,10.5440942,0
248,4,67,0,86,5,81.24270522,3.860820896,1
534,5,160,1,162,5,88.6975,9.822375,1
1025,15,256,1,321,5,83.43186458,5.401184896,1
236,4,69,0,82,5,88.78711957,2.825724638,1
165,1,40,0,53,5,54.14,17.42125,1
616,5,141,4,194,5,61.812,12.63539007,1
143,2,40,1,46,5,89.245,4.90775,1
274,5,82,0,80,3,107.6524146,2.040487805,0
162,4,52,0,51,5,110.6669231,-0.692692308,0
1257,13,347,0,367,1,90.266227,8.470880071,1
229,3,55,0,80,5,65.17212121,6.764484848,0
234,3,61,0,79,1,76.63273224,6.267486339,1
216,4,59,0,67,5,95.79256356,2.675847458,1
604,5,150,0,195,4,66.405,11.97186667,1
387,6,114,1,122,5,97.01315789,3.583947368,1
118,3,35,0,37,1,105.5590476,-0.189238095,0
266,9,83,3,90,4,105.7395047,-2.172864793,0
244,4,57,0,83,5,69.18177632,5.257807018,0
1403,16,354,0,466,4,73.01202331,7.744675141,1
272,4,69,0,88,2,81.43059783,5.210072464,1
700,10,205,1,164,2,118.3475,4.424878049,1
161,4,46,2,44,5,114.2407609,0.315,0
244,5,65,0,81,5,88.21538462,2.225076923,1
160,3,45,0,52,5,93.85,2.318888889,1
320,2,81,0,102,3,59.19416667,16.87432099,1
831,7,242,0,254,5,82.94995868,11.54856553,1
469,6,134,2,141,5,95.14726368,5.731666667,1
138,2,42,0,45,3,94.87714286,4.085714286,0
1177,10,295,0,382,4,67.34266949,11.55352542,0
470,5,127,0,134,3,91.79100787,8.182598425,0
704,7,183,0,234,3,72.12295082,9.222193599,1
723,12,204,0,233,5,92.95352941,3.266617647,1
629,9,168,1,218,3,78.1097619,5.013630952,1
108,2,25,0,35,5,75.7075,4.5624,0
106,2,30,0,35,5,92.91,2.217333333,0
369,3,100,0,118,5,73.17366667,12.09996667,1
99,3,28,1,32,5,100.6759524,-0.605119048,1
287,6,77,1,101,5,82.8403355,2.02030303,1
2038,26,562,4,655,4,86.29574049,5.950041062,0
229,5,61,0,76,1,89.04872131,1.826229508,0
235,4,66,0,79,1,88.82386364,3.091969697,0
334,6,94,0,109,4,92.83333333,2.64141844,1
149,1,35,2,45,4,62.53857143,15.52514286,1
805,7,217,0,262,4,73.2262212,11.02322581,1
750,7,194,0,235,3,76.22561856,10.09466863,1
222,7,54,1,65,4,97.17166667,1.214920635,0
203,3,62,0,73,2,86.24865591,3.866397849,0
734,6,218,0,248,5,73.71446483,12.12373089,1
206,6,65,0,72,5,102.1283974,-1.529948718,1
90,3,25,0,26,5,110.3926667,-0.811333333,1
927,18,262,0,298,3,95.83668363,2.017205259,1
341,4,89,0,111,2,78.73889045,7.204775281,1
1171,16,308,0,381,5,82.6449513,5.569902597,1
86,1,24,0,29,5,80.25,6.945833333,1
1205,24,344,4,355,5,104.9814341,1.74495155,1
679,6,200,2,208,5,85.01766667,10.75181667,1
874,11,255,0,269,4,94.06074866,5.824360071,0
2844,31,759,1,788,5,94.1514599,7.935888053,1
2028,26,573,0,626,2,92.04083065,5.763681031,0
102,3,29,0,36,1,92.00264368,-0.522873563,0
2478,28,663,0,743,5,87.9931052,7.489919198,1
146,3,47,0,45,5,109.9333333,0.599503546,1
454,5,116,0,158,1,68.05596552,8.056034483,1
1366,21,402,1,400,5,103.2258955,3.670334044,1
758,8,187,1,237,5,75.88905414,8.781885027,1
428,8,104,0,137,5,82.19576923,3.877307692,0
3270,25,780,0,1028,4,63.66853846,13.32884615,1
98,2,30,0,30,5,107.01,0.998666667,1
171,1,42,0,55,2,53.41928571,18.17642857,0
192,3,53,0,64,1,86.74484277,3.958805031,1
94,3,29,1,27,5,118.2578161,-1.783563218,1
570,7,152,0,187,3,80.71473684,6.564642857,1
970,9,244,0,314,4,70.44673042,10.29317851,1
412,5,121,0,126,5,94.17613223,6.230661157,1
335,4,88,0,115,5,73.94818182,6.967159091,1
691,5,182,0,211,1,71.80878022,14.12093407,0
270,6,73,3,89,5,91.34336758,1.556073059,1
755,11,205,0,247,1,85.98640798,4.719157428,1
656,11,164,0,218,5,79.24617517,4.304545455,1
1730,13,489,14,538,3,75.578084,13.54558597,1
404,9,114,0,132,5,96.0204386,1.09877193,1
117,4,32,0,34,5,108.8275,-0.7209375,1
394,9,124,1,130,4,104.1570072,-0.020304659,1
800,12,218,1,255,5,89.43711774,4.423975535,1
4060,29,1002,1,963,1,90.45781437,14.36302774,1
499,8,139,0,155,5,94.8612455,3.663471223,1
1560,16,428,17,506,1,79.66599299,8.602009346,0
662,7,168,1,216,5,73.70357143,8.57797619,1
1226,13,268,0,405,5,58.06336969,9.783737084,1
472,7,135,0,148,4,94.51333333,4.190931217,1
179,1,49,0,59,4,55.23469388,19.7644898,0
1095,9,297,2,347,5,74.49757576,11.9189899,1
253,3,65,0,76,4,85.92641026,7.191179487,0
136,4,40,0,47,1,97.28,-0.892,0
407,4,103,1,127,5,76.38612864,9.50315534,1
480,5,118,3,166,1,63.86744068,8.959830508,1
325,4,99,0,109,2,88.56829545,5.947525253,1
2219,25,581,0,729,4,77.09596971,7.644096386,1
447,6,116,0,145,4,81.46166667,5.846925287,1
140,2,39,1,49,5,80.75019231,4.725128205,1
655,5,180,0,213,1,70.185,13.19972222,1
246,4,68,0,84,4,85.07411765,3.602647059,1
537,7,150,1,170,4,89.205,5.644885714,1
138,3,31,2,43,5,78.99827957,4.080537634,1
127,2,37,0,39,1,98.88452703,3.506216216,1
156,4,45,0,50,4,101.41625,0.037666667,0
255,4,71,2,79,5,94.68635563,3.858380282,1
855,11,237,6,273,5,87.51573072,5.829436133,1
894,12,228,0,292,2,79.20263158,5.989210526,0
98,2,25,0,30,3,92.6275,2.7344,1
174,4,55,0,44,4,125.19875,-0.097181818,1
348,3,91,0,112,4,71.92358974,11.21315018,1
1729,23,456,5,582,2,78.73520595,5.810960145,0
1562,15,368,0,482,5,71.12605797,10.23432971,0
1413,14,384,1,438,4,82.498125,9.100457589,1
914,18,257,1,280,3,100.1718493,1.961729356,1
1923,40,529,3,618,5,94.57835468,1.79518431,1
308,5,83,0,98,5,90.09684337,3.828554217,1
966,16,263,0,306,4,91.71899834,3.574377376,1
1816,19,478,1,573,4,79.88592931,8.511123101,1
243,5,69,0,85,5,88.6106087,1.564347826,1
742,7,187,0,221,4,79.73818182,10.06051184,1
220,3,64,1,71,5,91.32854167,4.946041667,0
280,3,73,1,92,5,75.51748858,8.26543379,1
984,3,233,4,312,4,14.71921316,36.7032475,1
961,11,273,11,306,5,86.81817183,7.066160506,1
217,4,55,0,68,5,88.28238636,3.475727273,1
257,2,67,0,84,3,66.76682836,12.84970149,0
402,4,116,1,132,1,81.13103448,8.907413793,1
675,13,184,2,224,1,89.47754181,2.411868729,1
2166,15,659,3,621,5,82.52096712,15.55733434,1
1055,12,287,1,339,4,82.63136034,7.327462253,1
172,2,47,0,35,5,119.9825,7.044255319,1
1624,24,463,10,526,5,91.14251125,4.24537977,1
768,5,186,5,262,5,49.90925806,16.03967742,0
3116,38,811,0,947,5,86.38583344,6.799770264,1
228,3,61,0,78,3,78.01961749,5.817978142,1
156,3,45,0,54,5,90.09,1.912666667,1
179,6,53,2,57,4,106.884261,-1.578805031,1
725,7,186,1,235,5,72.97790323,9.668886329,1
1223,14,335,0,381,3,86.33078358,7.218196162,1
179,5,54,0,59,4,103.4396667,-0.881296296,0
675,8,165,0,220,3,73.100625,7.577954545,1
631,11,191,1,213,5,94.86640647,2.349566873,1
348,2,88,0,115,5,51.61818182,18.64227273,0
908,11,245,4,295,5,82.3628757,6.643343228,1
610,7,163,0,190,4,84.58650307,7.315311131,1
294,3,64,0,97,4,56.95979167,10.23010417,1
3425,24,827,3,1085,5,60.86704681,14.72570838,1
807,9,211,1,238,1,87.61329647,7.770847815,0
1463,20,392,0,460,2,87.6654898,5.425892857,1
221,4,63,0,75,4,90.13446429,2.476269841,0
130,4,34,2,42,5,93.70161765,0.293529412,0
314,9,96,0,99,3,108.7645833,-1.148958333,1
173,1,50,1,51,5,69.793,19.3822,1
238,3,72,0,74,5,95.525,5.676388889,0
556,15,153,2,175,5,99.71729412,0.277320261,1
495,9,137,0,142,5,103.6968532,2.693154907,0
634,8,165,0,193,2,86.94426136,6.442378788,0
418,3,114,0,128,5,73.27552632,14.32666667,1
317,4,83,0,96,4,87.92314759,6.399096386,1
151,2,46,1,47,5,97.05086957,5.071521739,0
147,4,47,0,45,5,113.90875,-1.261595745,0
195,4,48,0,58,5,92.43,3.135625,1
443,7,127,0,132,3,100.4892913,3.582452193,0
3119,43,811,3,983,5,85.14933444,5.575855246,1
466,9,118,0,148,5,87.41874765,3.173182674,1
115,2,32,0,37,4,92.77625,2.9934375,1
394,5,122,1,132,4,90.53457377,5.528852459,0
480,7,112,0,156,5,72.75928571,6.155714286,1
103,3,33,0,37,1,100.8154545,-1.666060606,0
1293,17,347,1,395,5,89.81446516,5.804729615,1
221,3,59,2,70,3,86.50045198,5.521468927,0
260,3,71,0,80,1,87.48938967,7.138544601,1
174,4,55,0,58,3,103.6642045,-0.097181818,0
340,3,92,0,112,1,72.71702899,10.79246377,0
699,10,182,0,208,5,91.67628571,5.221813187,1
1654,15,482,0,539,5,79.61510235,10.31878285,1
636,5,184,0,210,2,72.92865217,12.76630435,0
673,11,185,2,219,4,89.61643735,3.604009828,1
3512,27,912,0,1014,4,78.48871345,13.05739766,1
965,10,250,0,301,2,79.6016,8.7102,0
1100,7,277,2,328,1,66.49382671,16.50372873,1
349,2,98,0,85,5,83.72244898,19.34479592,0
303,1,75,0,99,5,19.038,34.5328,1
351,5,92,0,113,2,84.24813043,5.205543478,0
289,3,75,1,97,5,72.044,8.679733333,1
279,2,84,0,87,3,76.58357143,14.74892857,1
244,5,75,0,85,5,95.73,0.937733333,1
1156,14,313,2,398,5,76.56805911,6.626910087,1
68,3,23,0,20,3,125.4881159,-4.085362319,0
599,1,153,0,176,1,-45.77764706,72.96169935,0
1876,26,523,1,598,2,89.68595345,5.02027357,0
252,10,72,1,78,5,107.877,-1.835,0
240,2,57,0,84,5,53.23381579,12.06210526,0
328,6,94,2,109,2,92.83333333,2.349716312,0
435,6,117,0,122,2,98.82711538,5.311025641,0
101,3,30,0,32,1,106.445,-1.044333333,0
401,3,122,1,130,5,75.41079235,13.92439891,1
288,3,78,0,91,1,81.745,8.443846154,1
562,9,155,0,185,1,88.3802509,3.751046595,0
299,7,83,1,98,5,94.91084337,0.961583477,1
862,7,254,0,180,5,110.0522441,12.22206974,1
587,11,181,0,184,4,104.1314264,1.618211954,1
2857,29,715,4,922,5,72.71741259,9.158411382,1
164,4,48,0,55,5,97.7175,0.184166667,1
294,5,90,0,96,4,98.325,2.498666667,1
747,7,184,1,252,2,64.28978261,10.26606366,1
767,9,196,0,250,5,76.82239229,7.342511338,1
189,3,50,1,64,5,81.63033333,4.177933333,1
1114,17,301,0,366,4,85.99442642,4.336495994,1
387,8,111,0,127,2,95.95728041,1.440743243,0
220,2,53,0,65,2,76.18278302,10.78981132,0
121,3,35,0,40,4,98.30761905,0.20247619,1
86,2,23,0,28,4,92.17119565,1.407826087,0
684,14,186,0,211,3,97.37903226,2.018663594,1
610,8,180,0,179,5,99.8675,5.307222222,1
166,3,41,0,59,5,71.22186992,3.906260163,1
1162,13,277,1,381,3,68.84451541,8.394748681,1
613,9,160,0,194,5,86.21305556,4.967701389,1
712,4,192,0,243,5,51.043125,19.51708333,0
305,6,89,0,101,5,95.77242509,1.647902622,1
153,4,48,0,52,3,103.005,-0.863125,0
138,4,34,0,46,5,83.74867647,1.368823529,1
2589,24,677,0,812,2,76.7335269,10.15087272,1
423,4,108,0,121,5,84.64666667,9.969166667,1
108,2,30,0,33,3,98.55,2.522,0
118,3,38,0,41,5,102.699386,-0.905614035,0
104,2,31,4,35,1,95.58637097,1.651612903,0
449,4,125,1,150,5,73.59625,10.61044,1
521,7,143,0,161,2,90.85104895,5.434425574,0
179,5,45,0,62,5,81.14,1.248444444,1
1098,15,291,0,325,5,92.65946392,5.513505155,1
133,2,31,2,47,5,62.83798387,5.926774194,0
3353,54,952,4,1142,5,87.45647214,3.480623638,1
404,6,106,2,131,4,84.35050314,4.821069182,1
223,2,58,0,73,5,70.92068966,10.64086207,0
128,1,32,1,40,4,68.605,12.85,1
489,5,133,0,146,5,86.96682707,8.672481203,1
1573,14,425,2,462,3,84.05732353,10.6629479,1
247,3,76,0,70,1,103.200614,6.089166667,1
3031,24,876,1,917,5,81.22791096,12.63240868,1
77,1,23,1,24,2,95.21173913,5.369565217,0
98,2,24,0,29,5,92.43,3.230833333,0
612,6,164,0,202,5,74.88922764,9.290569106,1
143,4,43,0,50,4,97.55165698,-0.857093023,1
637,12,180,0,205,4,95.26,2.242722222,1
299,5,85,1,103,5,87.06470588,3.145647059,1
250,4,64,0,81,1,83.523125,4.4215625,0
804,7,205,0,257,4,71.0504878,11.13617422,0
806,8,219,0,275,3,72.81649829,9.076769406,0
720,8,179,0,245,5,68.33107891,8.139622905,1
284,6,89,0,96,5,100.5252341,0.569588015,0
2838,31,749,11,840,5,87.43278565,7.966613119,1
381,5,92,0,121,4,76.8916087,6.69576087,0
209,3,52,0,53,1,103.0147436,5.604551282,1
225,2,55,1,72,5,68.17340909,11.01545455,1
512,9,137,0,178,5,81.46619627,3.260235199,1
468,6,123,0,153,3,80.79335366,6.208292683,1
94,2,23,0,29,5,88.49293478,2.997391304,0
845,5,200,2,263,5,54.986,17.87825,0
151,4,40,0,52,5,86.705,0.82175,1
448,5,110,1,146,5,72.21772727,8.182363636,1
1628,9,416,0,522,3,53.76271368,19.56563034,1
1252,10,287,0,342,3,76.89195645,12.85602787,1
334,5,80,0,111,5,73.2125,5.64975,1
288,3,79,0,90,4,83.72691983,8.396919831,1
317,10,90,4,101,3,102.76,-0.833444444,0
437,8,128,0,146,4,94.098125,2.172265625,0
689,11,193,0,140,4,127.658488,3.657390485,1
550,12,153,1,184,2,92.15257353,1.373104575,1
240,2,57,0,76,5,65.1075,12.06210526,1
207,7,49,0,66,5,85.77897959,1.375918367,1
107,4,25,0,32,5,92.20325,1.2546,1
1564,8,403,8,497,4,51.37137252,21.49318238,1
162,2,26,0,52,5,24.44,13.54461538,1
856,15,233,1,269,5,93.39742203,3.12602289,1
184,5,48,0,56,4,98.391,0.888333333,0
769,12,211,0,231,4,96.36895932,4.017259084,0
189,3,47,0,57,5,88.33333333,4.780567376,1
439,7,117,0,144,5,85.74692308,4.074407814,1
242,4,54,0,74,5,77.19916667,5.80037037,1
2520,19,684,5,797,5,71.71868421,13.40684211,1
286,1,66,0,87,5,28.32681818,31.37333333,1
2743,25,746,1,896,3,74.93667614,10.29363271,1
565,4,153,0,184,4,66.27007353,14.57114379,1
485,8,136,0,135,4,105.6020588,3.367426471,1
2250,22,571,0,561,4,97.37274757,9.555153638,1
387,9,103,2,129,5,89.26354908,1.462998921,1
518,6,136,0,177,5,73.72392157,7.309656863,1
1176,10,326,3,363,5,79.54415951,11.35564417,1
4426,43,1152,0,1234,4,89.02056686,9.523352309,1
265,4,59,0,80,5,77.15188559,6.471271186,1
1104,14,289,2,352,5,82.84028547,6.349144834,1
455,3,118,0,144,4,63.6709887,15.85827684,1
352,5,99,0,104,3,97.86527273,4.718888889,0
232,3,67,0,75,5,89.46517413,5.561144279,1
591,8,147,0,172,2,89.1966199,6.130765306,1
131,5,33,1,41,5,95.02690909,0.011515152,1
86,2,22,0,29,5,84.15181818,1.934545455,1
134,2,34,0,45,5,77.60941176,5.081176471,1
418,6,107,0,140,1,78.04257788,5.339563863,1
245,3,63,0,80,5,78.09142857,6.842222222,0
481,4,137,0,160,5,73.26833029,11.7400365,1
417,4,88,0,123,5,66.25727273,11.22556818,1
288,4,73,0,92,5,81.69207192,5.724589041,1
119,3,35,1,37,1,105.5590476,-0.058666667,1
2327,28,579,1,753,3,75.8224158,7.276107821,1
243,4,66,0,79,4,88.82386364,3.645909091,1
2098,34,568,0,642,3,94.25669843,3.802976388,1
125,2,28,0,35,2,86.875,5.971785714,1
272,4,68,0,86,4,82.58588235,5.35,1
288,5,75,0,92,1,87.834,3.6188,0
1163,12,303,0,374,5,76.78248762,8.735957096,1
331,5,87,2,101,5,90.9602069,4.657011494,0
381,10,102,0,117,1,99.44082353,0.740294118,1
379,7,109,0,116,2,100.9969725,2.245897772,1
1222,16,330,0,402,4,82.84244318,5.805348485,1
161,4,43,1,53,5,91.6493314,1.055930233,1
519,3,146,0,160,5,64.72600457,19.14874429,1
4565,39,1175,0,1420,3,74.01487179,11.38903873,1
600,6,143,0,201,5,63.73087995,9.661491841,0
165,2,46,0,49,4,93.3726087,6.462391304,0
273,5,69,0,82,2,92.28886957,3.551304348,0
262,4,79,0,92,4,88.26723101,3.601202532,1
189,7,63,0,62,1,114.4428571,-3.22,0
72,2,22,1,24,5,103.3790909,-0.973636364,1
1185,14,318,0,370,5,85.34603774,6.956859838,1
2098,16,554,1,675,5,68.61300767,13.1891065,0
107,1,28,0,36,5,69.64357143,10.03392857,1
408,5,96,0,103,3,96.57825,7.5925,1
233,5,63,0,77,5,90.646,1.771746032,1
743,5,173,0,259,5,45.06050867,15.49722543,1
179,2,47,3,55,5,83.9825,7.724893617,1
2724,17,721,0,842,5,64.98927796,17.04173533,1
756,3,188,2,288,5,13.62833333,28.28056738,0
368,7,109,3,115,1,101.7731193,1.784705111,0
115,4,32,0,38,5,98.2525,-1.0065625,1
668,9,191,1,206,5,94.05046539,5.16414776,1
4921,52,1328,2,1544,5,82.55322057,8.273696131,1
165,2,45,0,51,5,88.1175,6.576666667,1
557,8,148,0,169,1,91.45344595,5.019256757,1
536,6,148,0,160,5,90.33887387,7.454144144,1
407,6,91,0,145,5,56.63863553,6.592783883,0
120,2,38,0,45,5,87.36578947,2.501578947,1
789,12,214,0,256,1,87.53042835,4.335872274,1
188,2,59,0,61,1,89.42470339,7.882033898,0
118,3,32,0,40,5,90.25833333,0.755208333,1
571,7,146,2,181,1,80.78417808,6.87165362,1
839,8,225,0,281,4,72.632125,9.673522222,1
758,9,199,0,239,4,82.7871971,7.032892239,1
1370,18,340,0,428,3,81.16630719,6.428856209,0
798,7,217,0,251,4,77.51470046,10.87580645,1
2476,27,636,1,675,4,93.13837526,8.139161426,1
366,5,99,0,116,2,87.61072727,5.365151515,0
1024,2,255,0,331,5,-32.39161765,60.67168627,1
1320,8,354,0,404,3,65.37209746,17.73567797,1
319,5,82,0,101,5,85.98656098,4.548414634,1
840,10,225,1,276,4,80.2215,6.881333333,1
299,3,82,0,87,2,89.33313008,8.900447154,0
564,10,158,0,176,4,96.56002532,2.783164557,1
729,16,243,2,205,5,120.0493171,-0.12625,1
686,12,177,3,226,5,83.84341102,3.656977401,1
1412,14,373,1,463,5,74.77963137,9.191267714,0
437,14,136,2,139,5,110.5088235,-1.888371849,0
712,10,178,0,232,1,78.50283146,5.75,1
1959,12,519,0,630,5,60.24260838,17.44476879,1
2629,31,675,2,821,4,81.83552688,7.256400478,1
1742,14,438,1,516,1,75.41424658,12.38851924,1
2571,17,669,0,847,4,59.78234767,15.80920601,1
349,4,89,0,115,4,74.93664326,7.615561798,0
614,4,157,0,154,5,84.01281051,16.06748408,1
739,5,174,0,222,5,63.57506897,15.37936782,1
102,3,32,0,35,3,103.4770833,-1.529791667,0
589,5,143,0,198,4,60.66753846,11.69328671,1
157,2,43,0,50,5,86.64040698,6.005813953,1
166,5,46,0,52,5,101.8622174,-0.33826087,1
1006,11,288,0,334,4,82.14795455,7.62417298,1
669,12,178,0,221,5,86.74208801,3.162677903,1
297,3,81,0,96,2,79.16333333,8.826666667,0
494,3,126,0,152,4,62.14785714,17.48730159,0
554,7,158,0,179,5,88.0806962,5.879638336,1
1263,16,336,5,403,3,84.05035714,6.248303571,1
223,2,60,0,72,3,74.865,10.55516667,0
76,2,22,0,24,5,103.3790909,-0.142727273,1
1696,19,445,1,518,5,84.58442933,7.69787463,1
213,4,57,0,65,5,95.89756579,2.772368421,1
167,3,49,0,56,5,93.57095238,2.311972789,1
200,2,53,0,62,4,80.97146226,9.065283019,1
547,7,155,0,173,1,89.93548387,5.769105991,0
443,4,109,0,144,4,67.41111239,10.76848624,1
376,6,103,0,102,5,105.6321926,3.83605178,1
2216,23,586,1,686,5,81.93770515,8.590905179,1
781,13,205,0,253,5,86.42045028,3.86520075,1
948,12,265,3,293,2,90.88154874,5.960194969,1
639,6,166,0,200,4,76.82562249,9.995080321,1
1118,5,294,1,326,4,53.34483673,25.34843537,1
929,11,243,1,285,1,85.19050505,7.086771418,1
328,5,83,2,103,5,85.00045783,4.929759036,0
1085,7,280,2,351,5,60.18285714,16.27875,1
613,5,173,0,185,5,81.24779191,12.06312139,1
540,5,153,0,179,4,76.79952941,9.999411765,0
279,5,66,0,90,5,78.07336364,4.488636364,1
176,4,49,0,60,5,90.80941327,1.109693878,1
905,9,237,0,277,1,81.22818565,9.187510549,1
235,3,74,0,75,5,96.05509009,5.416171171,1
133,3,37,0,41,5,100.5707207,1.163963964,1
575,4,158,0,177,5,71.96908228,14.95132911,1
2680,26,714,0,848,5,78.48422754,9.454270631,1
157,2,40,1,33,5,116.74,6.50725,1
351,4,91,0,109,5,82.40968407,7.572142857,1
2557,27,647,0,785,1,79.86807946,8.61251703,0
631,7,166,0,207,5,77.26981928,7.798648881,1
340,7,91,2,103,5,97.88395604,2.144725275,0
260,2,66,0,80,4,70.79454545,13.0730303,0
1586,16,421,0,521,5,75.43280062,8.942449525,1
1832,11,447,0,593,3,53.35687614,17.61802522,0
532,8,130,0,165,4,82.96432692,5.396846154,1
984,14,266,1,324,3,84.50338346,4.97556391,1
543,2,122,0,164,5,31.19540984,29.4102459,1
507,14,143,1,161,4,101.218549,-0.12012987,1
1232,13,349,2,405,5,81.41136875,8.12556976,1
214,2,66,0,66,5,88.74,9.887878788,1
514,6,148,0,180,5,78.90644144,6.77481982,1
838,13,221,0,265,3,88.13656109,4.398778281,1
2343,23,605,0,756,5,74.42104563,9.420537549,1
460,5,127,1,147,5,83.13116535,7.822755906,0
1073,14,294,1,351,5,84.51795918,5.748945578,1
713,4,180,0,192,1,70.92,19.17227778,1
459,3,117,0,140,5,66.01923077,15.99846154,0
747,13,199,0,235,1,91.39316969,3.378569772,1
837,7,211,0,221,5,87.63052133,11.7698172,0
532,9,160,1,168,5,99.96055556,2.654138889,1
1142,14,315,0,387,5,80.06035714,6.388063492,1
2455,11,639,0,816,5,39.83892446,25.17312278,1
373,6,97,0,126,5,80.53304983,4.226632302,1
2312,24,602,4,789,5,70.49601467,8.662895903,1
1157,11,322,0,369,3,80.17473461,9.627140034,1
439,8,123,0,146,1,90.8098628,2.568313008,1
2672,30,609,0,868,4,65.65118966,8.770968801,1
89,1,22,0,29,5,72.98681818,8.057727273,0
569,7,146,0,183,5,79.62527397,6.809050881,1
119,3,33,0,42,4,87.99727273,0.54969697,0
361,4,99,1,105,5,91.98647727,7.609343434,1
181,4,50,0,64,2,85.8595,1.3634,1
125,3,38,0,41,3,102.699386,-0.06377193,0
85,1,25,0,28,5,86.708,6.608,1
2482,18,626,0,754,5,69.637153,14.07828186,1
174,3,52,0,56,5,98.13397436,2.528589744,1
671,13,207,1,215,5,102.8035117,1.345403196,1
228,6,67,0,77,1,98.27396766,-0.295024876,0
103,2,30,0,31,1,104.19,1.760333333,0
800,14,221,0,257,5,92.43150452,3.005843568,1
361,4,95,1,103,4,91.00453947,7.811,1
168,3,47,2,53,5,95.53333333,2.738652482,0
2244,22,568,0,728,3,72.19855954,9.533809219,1
467,4,117,0,149,2,69.40778846,11.43594017,1
2089,21,549,7,605,5,87.0704918,9.030736404,1
2602,20,557,0,843,4,50.52811176,13.84354578,1
621,8,172,0,209,4,82.21366279,5.819825581,1
1401,18,327,0,448,4,72.49124618,7.233058104,0
359,3,92,0,104,4,80.07355072,11.73626812,1
153,2,38,0,60,5,53.97105263,6.470263158,0
307,5,83,1,99,5,89.07756627,3.773493976,1
108,1,24,0,34,5,62.625,11.135,1
304,3,78,0,96,3,76.32192308,9.381282051,1
124,3,30,0,37,5,92.345,2.459333333,1
1081,12,298,0,352,5,81.69896532,7.564418345,1
2274,27,608,0,731,3,82.26390107,6.921660575,1
794,6,236,1,265,5,71.91590395,13.61200565,0
1810,22,479,0,591,2,80.35447096,6.725048396,0
525,11,143,0,172,5,91.88335664,1.847972028,1
1823,1,494,0,581,5,-394.0741903,242.4345951,1
479,3,132,0,152,4,64.75681818,17.15356061,1
1331,9,339,2,366,4,77.26528024,15.34631268,0
1913,16,504,0,641,4,67.26607143,11.66605159,1
148,3,47,0,50,5,100.9333333,0.793971631,0
824,12,221,0,263,1,87.46425528,4.817609351,1
1637,22,449,7,503,5,91.34516248,5.436215833,1
959,16,255,0,306,5,89.1384375,3.725534314,1
273,4,71,0,87,3,85.15396127,5.016971831,1
1276,14,326,0,427,3,72.38957055,8.100341805,1
288,5,70,0,99,5,72.97642857,4.372285714,1
259,4,64,0,87,5,75.591875,5.06421875,0
132,3,43,0,38,5,117.523876,-0.234496124,1
605,7,172,0,184,3,91.39267442,6.930423588,0
1741,18,439,0,574,1,71.46433245,8.888294103,0
387,2,106,1,126,1,52.47773585,21.75481132,1
367,3,92,0,121,1,64.44094203,12.13365942,0
728,11,201,0,236,4,88.95683853,4.258403437,1
341,5,107,0,116,3,93.39811215,3.834205607,0
475,5,121,1,157,5,72.50175207,8.610082645,1
1452,14,376,0,474,5,72.925,9.646550152,1
478,7,121,0,155,2,80.91809917,5.266245573,1
580,6,150,0,194,1,72.044,8.740666667,1
754,10,199,2,250,1,80.35509296,5.835477387,1
1066,7,292,0,328,4,69.46486301,16.11077299,1
6657,56,1689,4,1941,5,78.99949489,11.66248858,1
137,1,31,0,44,5,55.29258065,14.26645161,0
2303,24,628,6,666,5,90.55672505,8.41242569,1
103,4,26,0,29,5,105.8759615,-0.075769231,1
543,10,148,0,187,5,84.91975676,2.736959459,1
248,6,71,2,81,5,98.30867371,0.449483568,1
279,6,75,0,89,5,93.7555,1.8204,1
174,1,52,0,56,1,62.94730769,19.86192308,1
205,1,61,1,63,5,57.54622951,24.42819672,1
436,6,124,0,135,5,93.75349462,4.972043011,1
222,6,62,0,69,5,102.1950538,0.100215054,0
638,5,169,0,203,5,70.90788166,12.72242604,1
823,6,231,0,258,4,73.26918831,14.10186147,1
402,5,107,0,127,4,84.70091589,6.43953271,0
192,3,50,0,60,2,88.39833333,4.452133333,0
262,5,67,0,86,5,84.64295522,3.140746269,0
1081,13,291,1,310,5,93.99090404,6.738836902,1
464,8,135,0,165,2,86.306875,2.714759259,1
184,3,57,0,59,5,99.98157895,2.822280702,0
1073,9,266,0,323,5,74.10753968,11.78240184,0
1444,17,372,0,471,3,77.50989564,7.250638836,1
250,3,74,0,83,1,86.90914414,6.342522523,0
456,8,123,0,148,5,89.43425305,3.199939024,0
166,4,55,1,50,5,115.9696591,-0.761909091,1
122,2,34,0,37,5,97.51529412,3.468235294,0
3854,49,1084,1,1191,5,91.42997628,5.879176519,1
1894,8,499,0,617,3,38.91876378,27.1033517,1
331,5,82,0,106,5,80.82802439,5.217195122,1
1181,20,353,0,366,4,101.2046693,2.684433428,0
2130,23,524,0,616,5,84.25721706,8.537831065,0
633,10,177,0,201,3,92.79831356,3.763559322,1
2197,19,604,1,700,5,76.52232659,11.08773353,1
945,8,223,1,318,5,57.90151626,11.8736435,1
175,3,44,0,60,4,76.58469697,4.079469697,0
211,5,62,0,66,1,104.1909355,0.322741935,1
431,7,112,0,137,4,87.11107143,4.156339286,1
206,4,51,0,64,5,87.72904412,3.404215686,1
79,1,25,0,27,5,90.092,5.5112,1
128,5,36,0,39,4,107.877,-1.581111111,1
186,4,46,1,62,4,81.13641304,2.798695652,0
1292,14,324,0,411,5,76.02833333,8.365008818,1
345,4,88,0,104,5,84.52318182,7.486477273,0
529,8,145,0,174,1,86.918125,4.30512069,1
737,9,192,1,243,3,78.10979167,6.778802083,1
224,4,54,0,72,5,80.3325,4.277037037,1
449,5,118,0,139,5,83.2250678,7.759237288,1
187,3,50,0,60,5,88.39833333,3.995133333,1
315,4,80,0,100,5,80.785,6.564375,1
1131,16,323,0,381,5,86.55335623,4.665824303,1
223,6,54,0,71,5,86.46666667,1.942407407,1
665,11,178,0,214,3,88.70034219,3.734223698,1
460,4,127,0,143,2,79.35048228,10.99775591,1
579,6,167,0,183,4,85.87877745,8.331157685,0
1342,19,371,3,451,4,84.17320187,4.863993474,0
142,3,40,0,38,5,112.9316667,1.460166667,1
492,5,125,1,123,2,98.2136,9.05752,0
2078,16,524,3,631,4,71.71855916,13.06801527,1
383,3,146,0,88,5,106.4465525,14.89175799,1
439,9,130,0,144,5,98.46311966,1.224760684,1
738,8,188,0,243,5,73.6325,8.259680851,1
344,3,84,0,103,5,74.67928571,11.2852381,1
569,7,141,0,182,4,77.19,7.083485309,1
881,6,232,0,239,1,80.43574713,15.25751437,1
235,3,71,0,80,5,87.48938967,5.529389671,1
492,7,130,0,160,5,83.86192308,5.151406593,0
653,10,164,2,209,4,82.37558537,4.966402439,0
269,4,76,0,96,4,80.68684211,4.245394737,1
940,10,261,0,310,5,79.86074138,8.079003831,1
1375,14,376,1,403,4,88.9,8.710672492,1
159,3,42,0,44,4,103.9964286,2.870714286,1
134,5,31,0,46,5,75.00651613,1.424193548,1
1601,22,416,1,497,5,86.56967657,5.612454108,1
473,8,128,0,154,5,88.810625,3.457578125,1
364,5,98,1,111,3,91.11855102,5.344285714,1
691,12,188,0,219,5,92.38333333,3.200514184,1
721,9,208,0,236,5,87.38876068,5.966757479,0
514,5,144,2,168,5,78.903,9.282361111,1
192,3,56,0,62,5,94.22404762,3.571904762,0
939,9,254,6,293,5,80.59968066,9.57571741,1
1335,15,375,0,430,5,84.452,7.3392,0
1188,10,335,0,369,4,79.64623134,11.52644776,0
785,12,204,0,260,1,81.75647059,4.655539216,1
572,7,155,0,186,5,82.84,6.506202765,1
96,3,29,2,26,5,121.1750575,-1.468390805,0
696,11,201,2,212,3,99.05833107,3.530841248,1
140,3,39,0,47,5,91.68615385,1.475128205,1
416,5,103,4,133,5,76.6852233,7.327475728,1
824,7,187,0,268,4,58.47508021,12.06446906,1
5053,26,1265,7,1560,4,53.1224924,21.15163454,1
821,19,220,2,266,5,92.79327751,1.413882775,1
702,12,171,0,230,4,78.58177632,4.456052632,1
378,4,96,0,119,4,77.60625,8.564375,1
260,5,69,1,80,4,94.74104348,2.690289855,1
259,2,71,0,87,5,67.13771127,12.99084507,1
1255,14,322,3,406,5,76.82043478,7.881645963,1
484,7,135,0,152,5,92.00666667,4.597153439,1
333,1,95,0,113,5,9.780526316,42.08905263,1
152,1,44,0,53,3,60.27045455,16.35727273,1
363,3,78,0,102,3,69.81423077,12.83807692,0
3314,41,870,2,1051,5,83.09650547,6.587779086,1
5234,45,1245,0,1717,5,62.08008032,11.61568675,0
604,8,153,0,196,5,79.04665441,6.173545752,1
336,4,87,0,109,5,78.76564655,7.094655172,1
180,2,37,1,61,2,48.58182432,10.05243243,1
366,5,105,0,125,5,84.80571429,4.999714286,0
149,2,35,0,45,4,80.30107143,6.775142857,1
553,3,154,1,176,5,58.04595238,20.64712121,1
317,5,82,0,95,5,92.17680488,4.43695122,1
3705,29,985,4,1074,5,80.11593909,12.74245405,1
887,14,244,0,258,2,99.69090164,3.897359485,1
202,5,44,1,66,5,71.003,3.950454545,1
464,10,139,0,142,5,106.3006007,0.775251799,1
644,12,176,8,214,3,89.08242424,2.625378788,0
202,4,51,0,64,5,87.72904412,3.045784314,0
99,2,26,0,34,5,83.00923077,2.471153846,0
838,12,228,2,276,4,85.13947368,4.866754386,1
200,4,56,0,61,2,100.4714286,1.891428571,0
317,7,83,0,104,3,88.79518072,1.952667814,1
412,2,106,0,137,3,43.69849057,22.83264151,0
231,3,58,0,79,5,71.98063218,6.437873563,1
487,3,117,0,165,3,47.94230769,17.09213675,0
703,11,192,1,236,5,85.13113636,4.030137311,1
226,3,69,0,75,4,91.53347826,5.038405797,0
1003,6,251,0,312,4,59.2140073,17.7484595,0
156,3,39,0,51,5,83.00923077,3.35,1
461,6,106,0,147,4,71.58069182,7.278522013,0
1196,8,300,0,315,3,79.9425,15.53906667,0
346,4,93,1,111,5,82.26205645,7.197365591,0
676,11,193,0,207,4,98.28957607,3.349566651,0
1073,10,271,0,336,5,74.43698708,10.21450185,1
294,5,87,0,93,1,98.73951724,2.713448276,0
1781,23,507,1,604,5,83.67507075,5.645328874,1
528,7,143,0,166,5,87.89300699,5.658131868,1
439,6,125,1,137,5,92.96756667,5.036506667,1
662,6,172,0,198,4,80.34996124,10.49251938,1
1010,9,282,0,308,3,82.63166667,10.60439716,1
605,6,157,0,188,5,78.97137473,9.263842887,1
573,3,150,1,178,4,55.693,21.0274,1
184,4,53,0,57,4,102.4013443,1.060660377,0
308,5,88,0,106,5,87.06645455,3.365,1
90,3,23,0,24,5,110.7750725,0.285942029,0
927,12,245,0,301,5,82.17494048,6.069721088,1
339,4,88,0,112,1,76.83227273,7.174886364,1
137,2,38,0,44,4,89.59210526,4.546052632,1
119,2,31,0,39,4,84.67024194,3.862903226,1
570,7,153,0,196,1,76.27352941,6.524061625,0
179,1,58,0,56,5,66.28224138,21.67396552,0
998,8,262,3,302,5,76.07771947,12.3528626,1
375,5,97,2,115,5,86.84503093,5.937525773,1
145,2,46,1,50,5,91.53347826,4.475434783,1
810,7,200,0,282,4,58.549,11.36421429,1
1821,19,473,1,573,5,79.08100701,8.611385334,1
547,8,138,0,184,5,76.52625,5.30942029,0
250,4,63,0,85,4,76.70589286,4.579920635,1
478,4,125,0,153,4,71.56585,11.67068,1
2026,22,534,5,646,5,79.85436159,8.044977869,1
91,3,26,0,28,5,106.930641,-1.101666667,1
2135,25,565,0,702,4,78.78237168,7.138938053,1
887,12,245,0,233,4,105.6557568,5.323598639,1
3780,29,996,3,1126,3,76.33283133,13.0863897,1
1298,9,317,0,375,5,71.00558009,14.89360322,1
2109,20,550,2,657,3,77.86395455,9.843872727,0
912,10,232,1,294,5,76.07837931,8.134827586,1
117,2,33,0,35,3,100.3602273,3.022727273,1
889,11,261,0,296,4,86.8069906,5.999651689,1
311,3,83,0,104,1,72.74851406,9.527068273,0
557,7,145,0,165,5,89.54103448,6.482246305,1
622,7,164,4,204,1,77.82085366,7.61684669,1
856,4,217,0,244,4,56.64498272,23.72228111,1
92,1,21,0,39,4,28.40571429,9.090952381,1
184,1,57,0,55,5,67.34842105,21.8222807,1
508,2,123,0,177,5,22.67103659,28.19447154,0
552,9,157,0,170,5,97.52379335,3.359992923,1
548,9,149,0,173,5,91.80426547,3.655563013,1
1440,10,384,1,438,5,71.362125,14.9075,1
387,4,110,0,112,5,92.78431818,8.398090909,1
3326,42,820,2,1041,4,79.61760163,6.868270616,1
376,4,96,0,127,4,70.55625,8.469166667,1
397,7,106,0,127,1,90.10462264,3.257371968,0
126,4,40,1,43,4,105.74,-2.0345,1
305,5,88,3,82,5,110.1391818,3.209204545,1
1106,15,254,0,351,4,72.73979265,6.935958005,0
306,7,83,0,94,5,98.98795181,1.347005164,1
125,2,32,0,41,5,82.20125,4.4215625,0
1032,17,305,4,340,5,94.31650916,3.003670203,1
1348,19,379,2,443,3,87.70240522,4.797932232,1
351,4,109,0,98,4,103.1138647,6.911238532,0
444,11,132,0,144,5,102.3640909,-0.058181818,1
265,4,66,0,90,5,74.72386364,5.169242424,1
1624,12,401,2,518,4,63.63329281,13.78626351,1
303,5,88,0,106,5,87.06645455,3.105340909,1
270,8,75,0,86,5,100.311375,-0.2905,0
830,12,240,0,274,5,89.95,4.374583333,1
1244,10,336,1,396,5,73.02385714,12.28988095,1
211,1,59,0,65,4,53.74661017,24.41355932,1
1629,13,436,0,514,2,73.05859915,12.41384086,1
1062,13,256,1,349,3,71.51371394,7.374513221,1
198,3,55,0,47,4,115.9321212,4.188666667,1
898,8,209,0,267,4,72.24061304,11.26819378,1
614,8,173,2,209,5,82.68100072,5.602037572,1
3480,38,839,3,1112,4,72.29709726,8.564896807,0
490,1,141,1,136,5,-17.88,64.95156028,1
199,1,49,1,63,3,48.32857143,21.62979592,0
178,3,42,0,56,5,79.825,4.938095238,1
656,12,199,0,215,5,98.60090662,1.92659129,1
1950,18,512,1,638,4,72.54435764,10.19749566,1
2431,29,650,2,760,4,85.16807692,6.868696552,1
831,6,201,0,257,4,64.66235075,14.2138806,1
392,4,97,0,134,5,65.35114691,9.163453608,1
812,13,233,0,245,5,99.68599538,3.457890393,1
2514,28,635,2,811,5,75.76806102,8.002167604,1
229,5,66,0,70,5,103.7097273,1.026515152,1
274,6,66,1,84,4,87.99727273,3.042424242,1
2269,24,658,4,703,5,88.62136905,8.037193516,1
62,2,27,0,20,4,130.4658333,-4.185925926,1
2354,25,579,1,701,4,80.90169326,8.729930915,1
442,3,113,0,149,1,57.05112094,15.27890855,1
185,4,46,0,58,4,88.49293478,2.699347826,1
684,11,168,0,216,5,82.56175325,4.812792208,1
549,7,146,0,177,5,83.1019863,6.183023483,1
214,5,52,1,70,5,82.39438462,2.577307692,1
3900,43,968,0,1267,4,73.2540861,8.238004036,1
2454,18,633,0,769,4,68.36453002,13.87020537,1
2944,27,783,3,887,4,81.56321839,10.25273308,1
325,5,87,0,105,5,87.07055172,4.34183908,1
442,3,110,1,129,5,70.40560606,15.26642424,1
950,7,253,0,310,5,66.48992095,13.80150762,1
432,6,107,0,144,4,74.87996106,5.937507788,0
1758,20,428,0,513,4,83.71259813,8.041168224,1
761,11,187,0,258,5,72.85914439,5.667700535,1
345,4,97,0,110,5,86.28310567,6.949123711,1
183,4,50,0,61,5,90.9355,1.5462,1
385,6,92,0,132,5,69.88905797,5.361123188,1
5031,35,1273,0,1656,4,59.86489709,14.81672764,1
305,7,94,0,106,5,97.805,0.112477204,0
252,3,64,2,77,5,83.39729167,7.231041667,1
376,4,92,0,125,5,68.54434783,8.747391304,1
923,13,237,0,315,5,75.88773126,5.483317105,1
652,8,181,0,212,5,84.78112224,6.344599448,1
276,7,72,0,93,5,87.12,1.231190476,1
373,7,101,0,122,5,89.99990099,2.661612447,1
233,3,61,0,77,5,79.40650273,6.192568306,0
113,2,30,0,35,2,92.91,3.283666667,0
600,6,167,0,196,5,79.2931487,8.905828343,0
203,2,61,0,67,5,82.95618852,9.028360656,1
626,9,163,2,203,5,83.09148603,5.1765985,1
226,3,59,1,79,5,73.59536723,5.908757062,1
971,7,258,0,314,5,66.4622093,14.19806755,1
907,10,246,1,288,5,82.82209756,7.719552846,1
615,7,165,2,170,5,95.74636364,7.389350649,1
612,10,166,1,207,5,84.49081928,3.718433735,1
1791,16,472,0,592,5,70.78402542,10.66082627,1
829,2,221,0,256,4,-3.320690045,50.96266968,0
488,5,137,1,140,5,92.57144526,8.548540146,1
132,7,37,2,40,1,110.0105405,-2.483359073,1
154,4,40,0,50,5,90.935,1.1645,1
947,11,248,5,304,5,80.24813783,7.293493402,1
184,1,40,0,63,4,32.99,19.592,1
479,7,135,0,156,4,89.5,4.42789418,0
175,1,32,0,44,3,58.03,19.5621875,1
907,8,235,0,300,3,69.019375,10.89575532,1
84,1,25,0,25,5,96.86,6.4252,0
273,5,73,0,84,5,94.66805479,2.960547945,1
2442,29,677,1,802,4,82.91961595,6.726815566,0
450,6,117,0,150,1,78.58096154,5.896923077,1
898,10,273,1,297,4,87.08813736,7.252454212,0
513,9,141,1,163,3,93.13333333,3.03035461,1
622,8,157,1,196,5,81.30033838,6.487850318,1
246,1,71,0,62,5,60.89394366,29.90408451,0
711,3,180,0,237,5,34.545,26.6215,0
474,6,110,0,170,4,57.48121212,7.429212121,1
1614,6,414,4,515,5,31.56086957,30.88637681,1
313,2,76,0,105,4,51.38342105,16.39118421,0
175,4,47,0,55,3,95.90875,1.460957447,0
252,5,63,0,77,4,90.646,3.15,1
990,13,249,0,310,5,82.06854495,6.316802595,1
207,4,55,4,66,2,91.35875,2.644818182,0
963,9,272,0,295,4,84.40576797,9.860927288,1
672,13,160,5,218,5,79.07519231,3.917846154,1
226,4,47,0,69,5,70.70875,6.419893617,1
291,4,71,0,85,5,87.53705986,6.17556338,1
983,8,233,1,300,4,68.34608637,12.41280043,1
249,3,68,0,83,1,80.56656863,6.637598039,0
413,10,126,1,136,5,102.7317143,-0.150555556,1
1487,18,437,1,473,5,90.62371917,6.259438088,0
1397,16,350,0,415,5,84.32044643,7.748328571,1
2052,20,542,0,669,4,74.90525277,9.421918819,1
151,9,41,0,53,4,92.8501355,-2.321246612,1
1745,27,511,0,566,4,93.91951004,3.638931652,1
250,5,70,0,87,4,87.47928571,1.891428571,0
2717,15,639,0,863,4,49.33966197,19.30143975,1
1477,17,377,0,482,5,76.16354814,7.562452801,1
477,8,128,0,152,5,90.1325,3.600390625,1
106,3,26,1,36,5,80.89987179,1.534871795,1
2156,27,602,19,658,5,91.73449182,6.085124892,1
500,5,123,0,150,3,78.69526829,9.447235772,0
113,2,31,1,31,5,106.5025,2.978387097,1
1140,10,316,0,372,5,75.16859494,10.85670886,1
451,5,115,0,148,3,74.61347826,7.992347826,1
748,9,210,0,244,5,84.85452381,6.514571429,1
101,4,28,2,31,5,106.0657143,-1.445357143,1
506,4,144,0,145,5,85.1075,12.62847222,1
124,5,37,0,39,5,110.151027,-2.414324324,1
89,2,25,0,28,2,99.3955,1.0892,1
1671,12,407,0,501,4,68.27051699,14.29115889,1
283,5,84,0,98,5,91.083,2.366547619,0
679,3,149,0,216,2,33.7817226,24.22903803,1
2668,33,719,0,854,5,84.23574114,6.421880979,1
193,4,54,0,66,1,89.7325,1.653518519,1
1130,14,293,0,351,4,84.24574232,6.65920039,1
2394,27,624,1,777,5,78.03395299,7.658536325,1
168,3,45,0,59,1,80.69,3.131333333,1
276,4,68,0,85,5,83.83,5.618823529,1
87,2,23,0,28,5,92.17119565,1.606521739,0
86,2,29,0,30,4,104.6002586,-0.627586207,1
3781,48,1062,6,1177,5,90.61710805,5.902904896,1
395,5,93,0,124,5,75.156,7.280215054,0
395,4,103,0,135,4,69.81525485,8.970728155,1
118,2,26,0,39,5,66.74,5.810769231,0
1771,31,496,1,588,2,90.30306452,2.887479839,1
282,6,86,0,95,1,98.83317829,0.722015504,1
551,10,145,0,179,4,87.68025862,3.186,1
344,5,86,0,98,5,92.97234884,5.45,1
259,4,80,3,79,5,102.9925,3.365375,1
129,2,34,0,43,5,82.58588235,4.409117647,0
2712,17,634,2,869,5,53.02342642,16.76570236,1
263,8,68,0,82,5,96.18985294,0.495147059,1
149,3,48,0,54,5,95.42,0.756041667,1
153,2,47,0,48,4,96.5825,5.196808511,1
447,5,114,0,123,4,92.41405263,7.889210526,1
150,3,43,1,47,2,99.81689922,1.678527132,1
292,3,79,1,94,5,79.44337553,8.628312236,1
554,10,159,0,184,1,92.79461321,2.443144654,0
743,9,182,2,249,5,70.5654884,7.337759463,1
135,4,44,0,43,5,112.9927273,-1.908409091,0
181,3,52,0,60,5,91.62628205,3.143782051,1
1682,20,464,2,554,5,82.27751724,6.73625,1
1403,16,359,4,447,5,78.72333304,7.648666435,1
355,4,95,0,68,4,122.1729605,7.522368421,0
519,7,145,0,154,1,95.95896552,5.284591133,0
344,9,108,0,113,4,106.1383333,-0.873703704,1
2144,25,547,2,712,5,74.50760439,7.422394881,1
528,6,132,0,170,1,75.55045455,7.85,0
116,3,25,0,39,5,66.40066667,3.941466667,0
2050,15,517,0,687,5,59.43315152,13.92422308,1
1895,19,495,3,578,5,81.6061244,9.091568315,1
1622,5,428,14,519,5,17.36361682,38.68901869,0
369,4,94,4,124,5,71.3825,8.259680851,1
685,9,192,1,230,5,83.83791667,5.54109375,0
173,2,51,2,61,4,79.76426471,6.822156863,0
1743,21,449,2,551,3,81.31462509,7.001032983,1
1276,12,359,1,289,3,108.3654051,9.771564531,1
758,8,207,1,234,2,84.93709239,8.242089372,1
123,3,38,0,38,5,109.3783333,-0.304298246,1
1612,23,437,1,513,1,88.23695652,4.927757437,0
1494,12,347,0,475,4,61.67766691,12.70435639,1
758,11,201,0,248,4,83.90609227,4.94049299,1
1175,20,322,0,396,5,86.45126398,3.296242236,1
712,5,192,0,227,5,67.837125,14.71708333,1
856,10,237,2,254,5,92.11114557,6.925991561,1
1592,20,421,0,509,5,83.18563955,6.376330166,1
1592,21,406,2,511,5,80.73235632,6.156469622,1
1143,14,305,2,372,5,81.5382377,6.589119438,1
2533,27,685,0,831,2,78.45254123,8.154177886,1
673,8,163,0,219,5,72.48934433,7.626273006,1
267,3,74,0,90,5,78.90644144,7.392387387,1
2218,13,617,1,573,5,80.09460167,18.72906745,1
185,4,47,0,60,5,86.90875,2.433297872,1
157,2,46,1,38,5,113.6030435,5.667608696,1
945,14,239,6,279,2,90.74850418,5.175379558,1
426,8,120,0,136,3,95.73,2.2935,1
331,1,74,0,105,4,11.68445946,36.01148649,0
3782,55,1045,1,900,4,114.688756,4.609464115,1
6257,71,1743,2,1970,3,86.29956462,7.249977778,1
864,6,211,0,276,5,60.47922196,14.86650869,1
495,7,139,0,129,4,108.1663309,4.77303186,0
541,9,156,0,167,5,98.67628205,3.085192308,0
1824,20,488,2,593,5,79.26613115,7.851311475,1
185,1,42,0,68,5,27.23357143,19.6997619,1
415,4,104,1,129,1,75.50846154,9.806057692,1
563,4,138,0,190,3,55.33923913,14.46427536,1
2575,22,646,1,836,4,67.54855615,11.46814945,1
1162,13,316,1,373,5,82.30256573,7.528719572,1
214,7,61,2,75,5,93.97360656,-1.040398126,1
736,3,201,0,223,4,44.97029851,28.80393035,1
155,5,38,0,51,1,85.57889474,1.010789474,0
931,7,230,0,314,5,57.9876087,13.49713665,1
438,7,108,0,144,5,78.375,4.818174603,1
1278,14,350,2,413,5,81.632,7.757028571,0
593,13,163,0,199,5,90.82379896,1.46505899,0
2572,35,684,1,829,4,84.46478947,5.525697577,1
607,6,167,0,141,5,107.1554242,9.09738523,1
397,9,120,0,139,5,95.30666667,0.35575,1
256,2,62,0,81,5,64.84419355,12.93967742,1
1475,16,385,2,424,2,89.24169237,8.109691558,0
469,8,127,1,154,5,88.13604823,3.384114173,1
316,6,89,0,106,5,91.0196161,2.212734082,1
422,5,109,1,141,2,75.27130275,7.163027523,0
1588,18,403,0,505,2,78.09787083,7.772285636,0
399,4,115,0,132,2,80.54766304,8.800913043,0
269,7,74,0,82,5,102.3590541,0.468281853,1
2064,18,555,0,655,4,75.69592342,10.98212613,1
1585,10,388,0,474,5,64.10145361,16.63868557,1
540,5,135,0,172,5,71.64333333,10.35,1
231,3,60,0,69,2,89.245,6.1645,1
277,5,72,0,92,5,84.119,3.351805556,1
172,2,36,0,57,4,54.615,9.404444444,0
2722,26,708,0,839,4,78.9423794,9.755356367,1
442,8,133,0,139,3,101.5440836,2.070018797,0
2574,8,647,3,607,5,45.37716866,37.18861283,1
356,3,86,0,119,4,60.67554264,11.82100775,1
815,7,214,0,242,5,80.13584112,11.26015354,0
571,7,156,1,184,4,84.43038462,6.440228938,1
322,5,89,0,114,5,80.40395506,4.004157303,0
1312,10,321,0,417,4,64.35256542,13.29862928,1
221,4,48,0,74,5,64.23,5.611041667,1
80,3,24,0,30,3,92.965,-2.196666667,0
301,4,80,0,99,1,81.8425,5.764625,0
1078,9,277,0,304,5,82.74934617,11.74394304,1
453,8,122,0,141,5,93.58084016,3.163934426,0
672,5,153,1,121,5,108.8701176,13.94215686,1
697,10,184,1,229,4,82.86878261,5.081358696,1
1803,21,500,4,503,5,97.56073333,6.954181905,1
1346,11,366,1,432,4,73.20744411,12.01297566,1
534,10,156,10,184,5,91.21638462,2.013461538,1
1791,14,470,2,471,5,87.98,12.77033131,1
2438,34,656,1,791,1,85.24140961,5.201296628,0
1037,16,286,4,319,3,94.33033654,4.077744755,1
265,6,74,0,81,5,101.713964,1.102207207,1
3694,43,975,0,1178,2,81.60631127,7.221650328,0
1666,20,443,1,519,2,85.23898025,6.831501129,0
130,3,39,0,42,5,102.5323077,0.303333333,0
1431,12,391,0,467,5,72.7189269,11.58716539,1
1946,28,504,0,506,2,103.6292857,5.215277778,1
385,8,104,0,119,5,96.83807692,1.987788462,1
798,7,214,3,249,5,77.3685514,10.89711615,1
629,6,150,0,196,5,70.916,10.23353333,1
955,18,245,0,303,5,88.39196712,3.189229025,1
205,4,59,0,55,5,112.9993432,1.823813559,0
701,1,197,0,206,5,-81.58497462,93.33177665,1
181,3,45,0,59,4,80.69,4.451555556,0
1602,19,447,3,519,4,84.72894384,6.711547156,1
837,9,214,1,269,5,76.3575649,8.333141225,1
409,9,101,2,111,5,102.4682068,2.687348735,1
996,18,265,2,327,1,87.4987369,3.107412998,1
966,6,260,0,264,4,76.95012821,17.21597436,1
181,3,53,0,61,4,91.53352201,3.010314465,0
158,1,39,0,52,5,54.45,16.58435897,1
143,2,41,0,47,5,89.0470122,4.759268293,1
696,11,181,0,233,5,81.22866399,4.370311401,1
649,6,151,0,212,5,62.51467439,10.79525386,0
168,3,48,0,59,5,86.6075,2.565,0
1732,9,490,0,491,5,66.80123583,21.94577324,1
322,3,88,0,98,4,82.8480303,9.958712121,1
1177,7,282,0,367,4,55.845,17.78693516,1
152,3,40,7,51,5,85.43666667,2.602666667,0
1350,9,380,0,428,4,68.69312865,15.91663743,1
297,4,81,0,95,5,87.05902778,5.451666667,0
1157,13,280,0,385,5,68.64846154,8.223123626,1
274,5,66,0,92,3,75.50972727,4.142424242,0
1622,18,448,2,494,4,88.28617063,7.560292659,0
779,7,203,0,235,2,79.46403941,10.6070936,0
597,7,145,0,185,5,77.87206897,7.742935961,0
173,5,48,1,56,4,98.391,-0.158958333,0
2638,28,694,3,767,4,88.17865274,8.334125154,1
598,8,165,0,189,5,88.99517045,5.445287879,0
1089,9,278,0,353,4,68.05903677,11.91635092,1
1110,10,277,1,352,4,71.21336282,10.73299639,1
303,7,67,1,99,5,72.11402985,4.023027719,0
961,11,260,0,293,4,87.5063986,7.279604895,0
489,14,138,0,158,5,99.96913043,-0.307732919,0
687,6,176,0,222,5,70.35030303,11.07524621,1
188,4,52,1,58,1,99.27846154,1.592307692,0
1288,8,326,0,388,5,64.78417945,17.00070552,1
133,3,35,0,44,5,88.63904762,1.769333333,1
714,9,182,0,219,3,84.51054335,6.60957265,1
707,7,201,0,237,3,77.93776119,9.001719972,0
134,4,38,0,48,1,90.32934211,-0.564736842,0
400,6,111,2,126,5,92.02506757,4.288468468,0
243,1,80,1,52,4,70.645,32.451375,0
705,2,169,0,221,5,10.43673077,39.88420118,1
104,3,26,0,32,5,93.91525641,1.183333333,1
1149,13,296,1,361,5,80.54652807,7.694243763,1
1340,13,352,0,445,4,72.40021853,9.505620629,0
1065,14,293,4,313,5,95.21775597,5.645377864,1
1773,57,499,5,399,5,130.3032061,-0.815111627,1
2986,38,810,0,957,5,85.24614035,6.074833008,1
5521,47,1391,0,1646,5,76.68633281,11.50659987,1
1725,21,465,3,538,1,86.47870968,6.594654378,0
974,7,243,0,290,4,70.63703704,14.24475603,1
158,2,47,0,49,4,94.7825,5.682978723,1
523,8,130,4,157,5,88.17048077,5.080461538,1
346,5,93,0,110,5,87.89148387,4.872365591,1
202,3,51,0,64,5,83.41529412,5.170784314,1
418,5,99,0,135,3,71.37436364,7.765555556,1
184,4,53,0,61,5,96.01643868,1.060660377,0
1108,7,287,0,341,4,64.70222997,16.7130662,1
85,3,24,0,30,3,92.965,-1.244583333,0
482,8,138,0,158,5,92.46538043,3.156884058,1
1984,27,589,15,617,5,96.07123121,4.871091618,1
699,7,176,0,196,5,87.10136364,9.291599026,1
662,8,172,0,218,1,77.7869186,6.909186047,1
2448,26,616,0,802,4,72.6425025,8.577452547,0
120,3,32,0,38,3,95.54583333,1.040833333,1
1023,19,281,0,330,5,92.47137104,2.602138977,1
610,9,146,4,194,1,77.95574581,5.774946728,1
145,6,42,3,47,5,105.0585714,-2.152619048,0
2443,29,647,1,770,4,83.50684699,6.980983851,1
1206,13,315,0,392,3,76.96076923,8.181956044,1
1017,9,249,0,322,3,69.35092369,11.06875502,0
709,7,198,0,247,3,72.58863636,9.077150072,1
913,13,243,0,289,4,87.24749288,5.086565369,1
148,2,46,0,42,1,106.2465217,4.773478261,0
145,1,29,0,44,5,49.04137931,15.92,1
2496,21,659,1,786,4,74.07953971,11.56961124,1
2181,22,577,0,717,4,75.0874551,8.957761147,0
552,13,145,0,185,4,87.57591512,1.544440318,0
3443,29,861,2,1043,4,74.21707317,11.6895198,1
13977,188,3840,5,4501,3,86.94042886,5.416851895,1
166,3,50,0,59,5,90.09033333,2.075733333,1
937,26,255,0,304,4,96.02372172,0.266355958,1
1381,17,373,3,462,5,79.7786469,6.460615045,1
1066,8,280,1,332,4,70.99857143,13.46864286,1
411,5,124,2,133,5,90.92267742,6.11733871,1
265,4,70,0,66,1,109.3067857,4.620714286,0
100,2,28,0,37,5,80.83214286,1.891428571,1
519,6,136,0,162,2,83.05480392,7.343259804,1
961,13,273,1,306,5,90.69362637,5.157069597,0
1198,10,329,0,362,2,80.35578571,11.66091185,0
155,4,43,0,55,1,87.71444767,0.418255814,0
191,3,56,0,55,5,104.7990476,3.490297619,1
800,10,218,0,247,4,88.85387156,6.240642202,1
149,2,41,1,49,5,84.92018293,5.42804878,1
405,3,105,0,136,4,61.73285714,13.69714286,1
258,1,76,0,89,1,30.62394737,32.08394737,0
913,9,228,1,278,5,77.96903509,9.536710526,1
412,5,105,0,122,2,87.22285714,7.001809524,0
434,7,134,0,128,1,106.5930597,2.942771855,1
487,11,135,0,160,5,94.11151515,1.192215488,1
595,9,164,0,185,2,92.90651762,4.261294038,1
185,2,50,0,57,4,85.016,7.979,1
164,2,38,0,54,5,67.32894737,7.793157895,1
329,3,93,1,100,5,84.40225806,10.23698925,1
840,17,260,5,279,5,100.5291629,0.981674208,1
538,3,147,0,179,5,54.08367347,19.79557823,0
1325,16,361,0,435,4,81.99223425,6.624795706,1
156,4,44,2,43,5,112.9927273,0.272727273,1
254,3,64,0,62,2,103.2254167,7.373854167,0
963,15,267,0,284,5,98.78148315,3.952808989,1
100,2,22,0,30,5,80.30636364,4.842727273,0
1286,6,320,0,399,5,47.21604167,23.60235417,1
424,4,121,0,132,3,83.84034091,9.708884298,0
908,15,264,1,298,5,93.47554545,3.088030303,1
430,4,102,0,132,1,71.47014706,10.58568627,1
300,6,78,0,94,4,91.68615385,2.646923077,0
481,8,129,1,149,5,92.75184593,3.672577519,1
130,2,31,0,41,4,79.21217742,5.484516129,1
763,15,207,0,257,4,87.79321739,2.314975845,1
225,4,54,0,74,5,77.19916667,4.361666667,0
983,11,253,0,301,2,82.83940711,7.826166008,0
166,4,41,0,49,5,95.32393293,2.197926829,1
236,3,61,0,77,5,79.40650273,6.417322404,1
140,3,39,0,38,4,111.2092308,1.475128205,1
137,3,38,0,47,5,89.34149123,1.379385965,1
2216,13,627,0,684,1,65.58986014,18.83709115,1
973,10,238,0,303,4,74.97295798,9.153235294,1
119,3,29,1,39,5,83.25091954,2.156091954,1
1537,16,430,1,485,3,84.13594477,8.342593023,0
100,2,26,0,30,5,96.02461538,2.646923077,1
1315,12,359,1,430,5,75.13810701,10.26802693,1
896,9,223,0,293,5,70.52950174,9.320861983,1
1596,14,415,0,507,5,73.3928012,10.96665749,1
81,2,28,0,30,4,101.9821429,-1.209642857,1
640,9,162,0,221,4,73.15388889,5.624320988,1
294,2,82,1,98,4,64.11268293,15.45512195,1
460,6,109,0,155,5,68.09308104,6.939571865,1
150,5,45,1,48,4,107.46,-1.696666667,1
1181,31,362,1,391,4,103.6050713,-0.68198093,1
224,2,60,0,74,4,72.045,10.63133333,0
2060,18,475,2,604,5,72.47469883,11.58381287,1
8440,81,2195,2,2608,5,78.81184876,9.691501167,1
1125,7,282,2,376,5,53.145,16.94424012,1
489,9,130,1,138,4,102.367735,2.982452991,1
1634,22,415,0,520,5,81.68358981,5.995504929,1
1134,9,296,0,247,5,102.8575075,12.52248498,0
85,2,23,0,27,5,95.84945652,1.209130435,1
1315,11,332,21,422,5,68.66671961,11.76196331,0
1080,7,248,1,319,2,62.05483871,16.18589862,0
979,11,265,0,321,5,79.90499142,7.498586621,1
414,4,103,0,128,5,75.56476942,9.813737864,1
316,4,77,0,103,5,74.13001623,6.949805195,1
415,8,119,0,130,5,99.31670693,1.944894958,1
104,1,32,0,35,4,81.82375,9.4225,0
128,3,41,0,47,4,95.98284553,-0.329349593,1
231,5,60,3,75,4,88.905,2.1645,1
430,5,121,0,133,4,89.28191736,6.910495868,1
184,5,59,0,66,1,100.2207119,-1.27779661,0
677,11,190,1,224,5,89.56423445,3.489995215,1
156,3,42,0,52,1,87.88214286,2.544285714,0
400,6,105,2,141,4,75.46678571,4.72952381,1
906,12,248,0,272,3,93.07123656,5.598575269,0
1955,16,517,5,621,5,72.41963068,12.0073912,1
362,5,102,0,125,5,82.45252941,4.989019608,1
108,1,32,0,37,3,76.53625,9.99375,1
735,9,181,0,237,4,75.64763659,7.183290362,1
24643,161,5918,3,7578,4,61.19555527,15.97870794,1
153,4,43,0,49,5,99.51909884,0.205697674,1
505,3,117,2,163,2,49.38846154,17.79521368,1
1012,4,275,0,335,5,33.99556818,29.7626,1
84,1,21,0,24,5,88.83428571,7.35,1
92,2,23,0,29,5,88.49293478,2.6,1
109,3,31,0,35,2,100.8305376,-0.194623656,1
1403,16,335,0,441,5,74.21448228,8.178182836,1
559,10,141,1,174,5,88.1235,3.737943262,0
260,4,66,0,83,4,83.69659091,4.823030303,1
943,9,251,2,297,5,78.42339531,9.683806994,1
1071,10,298,0,342,5,79.49672483,9.894395973,1
2508,18,564,0,811,4,53.38166667,14.55858156,1
1858,8,417,0,642,5,23.68064299,24.9947542,0
254,4,64,0,78,1,87.48875,4.7071875,0
1452,18,429,1,486,5,86.80360723,5.954358974,1
1250,7,316,0,348,5,67.84791139,19.21896022,1
517,9,145,3,168,5,92.46291188,2.919969349,0
140,1,38,0,45,5,68.08078947,14.40684211,1
748,6,217,0,194,2,94.49265361,12.40614439,1
944,17,253,0,299,1,91.74759358,3.062876075,1
100,3,26,2,30,5,100.4229487,0.48025641,1
480,5,121,0,151,5,76.69679339,8.79892562,0
574,12,173,1,205,5,91.95352842,0.941223507,1
1830,10,420,3,619,2,39.52071429,19.48214286,1
514,10,136,0,172,1,86.03688235,2.641911765,0
1045,17,302,2,344,5,92.43826062,3.265763537,1
770,11,223,0,264,5,86.10392173,4.486184264,0
235,6,59,0,80,4,82.14230226,1.68920904,1
462,6,115,0,143,2,82.18257246,6.512811594,1
1326,13,333,1,405,3,77.94349272,9.575349965,1
673,6,167,0,207,5,73.72069361,10.90349301,1
1096,24,301,0,351,4,95.45205219,1.481099114,1
1930,16,502,0,580,3,77.24435508,11.82742032,0
128,3,36,0,46,1,86.555,0.818888889,0
869,11,227,0,275,3,83.40010412,6.383027633,1
731,7,197,0,239,1,75.63345178,9.599144307,0
4534,40,1245,5,1295,3,87.24553464,10.7753755,1
79,1,23,0,25,5,91.53347826,5.766956522,0
179,3,49,0,58,5,90.11789116,3.431156463,1
170,5,57,0,59,5,107.6955789,-2.100175439,1
1289,15,319,2,401,5,78.90262487,7.669571578,1
233,3,56,1,74,5,76.09547619,6.917797619,0
992,11,286,2,309,4,89.0415035,7.421188811,1
1287,15,351,0,404,5,85.70964103,7.026666667,1
1179,15,287,1,368,4,78.93801161,6.91029036,1
985,19,305,0,319,3,102.0583003,1.355168248,1
1850,13,533,0,568,4,75.06465291,14.93210131,1
164,2,41,0,53,5,76.66652439,7.1,1
1283,20,339,3,422,5,84.31747566,4.340899705,1
269,3,81,0,89,4,86.47444444,7.24691358,1
540,6,132,0,168,4,76.83227273,8.265454545,1
550,7,147,1,160,5,93.43836735,6.168639456,1
79,2,26,0,25,5,112.2938462,-1.044230769,1
286,3,72,0,86,2,81.425,8.723055556,0
267,5,65,0,88,5,79.10461538,3.842153846,0
517,5,142,0,156,5,85.06815493,9.408661972,1
177,3,43,0,55,1,84.07736434,4.548062016,1
407,2,107,0,126,2,52.91007009,22.70308411,0
290,3,84,1,93,5,84.75071429,8.347380952,1
451,6,123,0,147,3,84.92018293,5.576666667,1
617,7,179,3,191,5,90.60849162,7.108172386,1
149,3,37,0,50,5,79.99234234,3.14018018,1
1326,21,326,2,424,4,81.04643149,4.92030967,1
124,2,32,1,42,5,79.5575,4.27875,0
286,1,74,0,89,4,29.97635135,33.23243243,0
358,4,94,0,122,5,73.1825,7.724893617,0
212,5,53,0,67,5,89.12883019,2.15,1
122,4,39,0,31,5,129.6925962,-2.259102564,0
113,2,32,0,37,5,92.77625,2.7078125,0
439,3,97,0,141,4,51.04140893,15.41945017,1
552,7,151,0,187,3,80.17046358,6.061939451,0
148,1,38,0,47,3,63.62815789,15.36894737,0
925,7,246,0,286,5,72.80890244,13.32537166,1
845,14,249,3,262,5,99.76563253,2.971491681,1
86,2,25,0,33,4,82.4755,0.5408,0
